Observation_Date,Departure_Date,Extraction_Timestamp,Source_Portal,Origin_Destination,Carrier_Name,Canonical_Flight_Key,Advance_Purchase_Window,Fare_Class,Base_Fare_INR,Taxes_And_UDF_INR,Total_Fare_INR
2026-09-20,2026-09-21,2026-09-20 18:47:47,OTA_EaseMyTrip,DEL-BOM,IndiGo,DEL-BOM_20260921_6E_1625,T+1,Economy,1620.8,405.2,2026
2026-09-20,2026-09-21,2026-09-20 18:47:47,OTA_EaseMyTrip,DEL-BOM,IndiGo,DEL-BOM_20260921_6E_1510,T+1,Economy,1620.8,405.2,2026
2026-09-20,2026-09-21,2026-09-20 18:47:47,OTA_EaseMyTrip,DEL-BOM,IndiGo,DEL-BOM_20260921_6E_1410,T+1,Economy,1620.8,405.2,2026
2026-09-20,2026-09-21,2026-09-20 18:47:47,OTA_EaseMyTrip,DEL-BOM,IndiGo,DEL-BOM_20260921_6E_1350,T+1,Economy,1620.8,405.2,2026
2026-09-20,2026-09-21,2026-09-20 18:47:47,OTA_EaseMyTrip,DEL-BOM,IndiGo,DEL-BOM_20260921_6E_1830,T+1,Economy,1620.8,405.2,2026
2026-09-20,2026-09-21,2026-09-20 18:47:47,OTA_EaseMyTrip,DEL-BOM,IndiGo,DEL-BOM_20260921_6E_1330,T+1,Economy,1620.8,405.2,2026
2026-09-20,2026-09-21,2026-09-20 18:47:47,OTA_EaseMyTrip,DEL-BOM,IndiGo,DEL-BOM_20260921_6E_1850,T+1,Economy,1620.8,405.2,2026
2026-09-20,2026-09-21,2026-09-20 18:47:47,OTA_EaseMyTrip,DEL-BOM,IndiGo,DEL-BOM_20260921_6E_1110,T+1,Economy,1620.8,405.2,2026
2026-09-20,2026-09-21,2026-09-20 18:47:47,OTA_EaseMyTrip,DEL-BOM,IndiGo,DEL-BOM_20260921_6E_1935,T+1,Economy,1620.8,405.2,2026
2026-09-20,2026-09-21,2026-09-20 18:47:47,OTA_EaseMyTrip,DEL-BOM,IndiGo,DEL-BOM_20260921_6E_2305,T+1,Economy,1620.8,405.2,2026
2026-09-20,2026-09-21,2026-09-20 18:47:47,OTA_EaseMyTrip,DEL-BOM,IndiGo,DEL-BOM_20260921_6E_1505,T+1,Economy,1620.8,405.2,2026
2026-09-20,2026-09-21,2026-09-20 18:47:47,OTA_EaseMyTrip,DEL-BOM,IndiGo,DEL-BOM_20260921_6E_1025,T+1,Economy,1620.8,405.2,2026
2026-09-20,2026-09-21,2026-09-20 18:47:47,OTA_EaseMyTrip,DEL-BOM,IndiGo,DEL-BOM_20260921_6E_1825,T+1,Economy,1620.8,405.2,2026
2026-09-20,2026-09-21,2026-09-20 18:47:47,OTA_EaseMyTrip,DEL-BOM,IndiGo,DEL-BOM_20260921_6E_1345,T+1,Economy,1620.8,405.2,2026
2026-09-20,2026-09-21,2026-09-20 18:47:47,OTA_EaseMyTrip,DEL-BOM,IndiGo,DEL-BOM_20260921_6E_0820,T+1,Economy,1620.8,405.2,2026
2026-09-20,2026-09-21,2026-09-20 18:47:47,OTA_EaseMyTrip,DEL-BOM,IndiGo,DEL-BOM_20260921_6E_1100,T+1,Economy,1620.8,405.2,2026
2026-09-20,2026-09-21,2026-09-20 18:47:47,OTA_EaseMyTrip,DEL-BOM,IndiGo,DEL-BOM_20260921_6E_1155,T+1,Economy,1620.8,405.2,2026
2026-09-20,2026-09-21,2026-09-20 18:47:47,OTA_EaseMyTrip,DEL-BOM,IndiGo,DEL-BOM_20260921_6E_0935,T+1,Economy,1620.8,405.2,2026
2026-09-20,2026-09-21,2026-09-20 18:47:47,OTA_EaseMyTrip,DEL-BOM,IndiGo,DEL-BOM_20260921_6E_1555,T+1,Economy,1620.8,405.2,2026
2026-09-20,2026-09-21,2026-09-20 18:47:47,OTA_EaseMyTrip,DEL-BOM,IndiGo,DEL-BOM_20260921_6E_1750,T+1,Economy,1620.8,405.2,2026
2026-09-20,2026-09-21,2026-09-20 18:47:47,OTA_EaseMyTrip,DEL-BOM,IndiGo,DEL-BOM_20260921_6E_1030,T+1,Economy,1620.8,405.2,2026
2026-09-20,2026-09-21,2026-09-20 18:47:47,OTA_EaseMyTrip,DEL-BOM,IndiGo,DEL-BOM_20260921_6E_1220,T+1,Economy,1620.8,405.2,2026
2026-09-20,2026-09-21,2026-09-20 18:47:47,OTA_EaseMyTrip,DEL-BOM,IndiGo,DEL-BOM_20260921_6E_1135,T+1,Economy,1620.8,405.2,2026
2026-09-20,2026-09-21,2026-09-20 18:47:47,OTA_EaseMyTrip,DEL-BOM,Air India Express,DEL-BOM_20260921_IX_1105,T+1,Economy,1620.8,405.2,2026
2026-09-20,2026-09-21,2026-09-20 18:47:47,OTA_EaseMyTrip,DEL-BOM,Air India Express,DEL-BOM_20260921_IX_1950,T+1,Economy,1620.8,405.2,2026
2026-09-20,2026-09-21,2026-09-20 18:47:47,OTA_EaseMyTrip,DEL-BOM,Air India Express,DEL-BOM_20260921_IX_1540,T+1,Economy,1620.8,405.2,2026
2026-09-20,2026-09-21,2026-09-20 18:47:47,OTA_EaseMyTrip,DEL-BOM,Air India Express,DEL-BOM_20260921_IX_2155,T+1,Economy,1620.8,405.2,2026
2026-09-20,2026-09-21,2026-09-20 18:47:47,OTA_EaseMyTrip,DEL-BOM,Air India Express,DEL-BOM_20260921_IX_1550,T+1,Economy,1620.8,405.2,2026
2026-09-20,2026-09-21,2026-09-20 18:47:47,OTA_EaseMyTrip,DEL-BOM,Air India Express,DEL-BOM_20260921_IX_2305,T+1,Economy,1620.8,405.2,2026
2026-09-20,2026-09-21,2026-09-20 18:47:47,OTA_EaseMyTrip,DEL-BOM,Air India Express,DEL-BOM_20260921_IX_0115,T+1,Economy,1620.8,405.2,2026
2026-09-20,2026-09-21,2026-09-20 18:47:47,OTA_EaseMyTrip,DEL-BOM,Air India Express,DEL-BOM_20260921_IX_1835,T+1,Economy,1620.8,405.2,2026
2026-09-20,2026-09-21,2026-09-20 18:47:47,OTA_EaseMyTrip,DEL-BOM,Air India,DEL-BOM_20260921_AI_1105,T+1,Economy,1620.8,405.2,2026
2026-09-20,2026-09-21,2026-09-20 18:47:47,OTA_EaseMyTrip,DEL-BOM,Air India,DEL-BOM_20260921_AI_1950,T+1,Economy,1620.8,405.2,2026
2026-09-20,2026-09-21,2026-09-20 18:47:47,OTA_EaseMyTrip,DEL-BOM,Air India,DEL-BOM_20260921_AI_1540,T+1,Economy,1620.8,405.2,2026
2026-09-20,2026-09-21,2026-09-20 18:47:47,OTA_EaseMyTrip,DEL-BOM,Air India,DEL-BOM_20260921_AI_2155,T+1,Economy,1620.8,405.2,2026
2026-09-20,2026-09-21,2026-09-20 18:47:47,OTA_EaseMyTrip,DEL-BOM,Air India,DEL-BOM_20260921_AI_1550,T+1,Economy,1620.8,405.2,2026
2026-09-20,2026-09-21,2026-09-20 18:47:47,OTA_EaseMyTrip,DEL-BOM,Air India,DEL-BOM_20260921_AI_2305,T+1,Economy,1620.8,405.2,2026
2026-09-20,2026-09-21,2026-09-20 18:47:47,OTA_EaseMyTrip,DEL-BOM,Air India,DEL-BOM_20260921_AI_0115,T+1,Economy,1620.8,405.2,2026
2026-09-20,2026-09-21,2026-09-20 18:47:47,OTA_EaseMyTrip,DEL-BOM,Air India,DEL-BOM_20260921_AI_1835,T+1,Economy,1620.8,405.2,2026
2026-09-20,2026-09-21,2026-09-20 18:47:47,OTA_EaseMyTrip,DEL-BOM,SpiceJet,DEL-BOM_20260921_SG_2245,T+1,Economy,4799.2,1199.8,5999
2026-09-20,2026-09-21,2026-09-20 18:47:47,OTA_EaseMyTrip,DEL-BOM,Air India Express,DEL-BOM_20260921_IX_2325,T+1,Economy,4808.8,1202.2,6011
2026-09-20,2026-09-21,2026-09-20 18:47:47,OTA_EaseMyTrip,DEL-BOM,Air India,DEL-BOM_20260921_AI_2325,T+1,Economy,4808.8,1202.2,6011
2026-09-20,2026-09-21,2026-09-20 18:47:47,OTA_EaseMyTrip,DEL-BOM,SpiceJet,DEL-BOM_20260921_SG_1955,T+1,Economy,5033.6,1258.4,6292
2026-09-20,2026-09-21,2026-09-20 18:47:47,OTA_EaseMyTrip,DEL-BOM,IndiGo,DEL-BOM_20260921_6E_1700,T+1,Economy,5153.6,1288.4,6442
2026-09-20,2026-09-21,2026-09-20 18:47:47,OTA_EaseMyTrip,DEL-BOM,IndiGo,DEL-BOM_20260921_6E_2000,T+1,Economy,5224.0,1306.0,6530
2026-09-20,2026-09-21,2026-09-20 18:47:47,OTA_EaseMyTrip,DEL-BOM,IndiGo,DEL-BOM_20260921_6E_2330,T+1,Economy,5224.0,1306.0,6530
2026-09-20,2026-09-21,2026-09-20 18:47:47,OTA_EaseMyTrip,DEL-BOM,IndiGo,DEL-BOM_20260921_6E_2045,T+1,Economy,5224.0,1306.0,6530
2026-09-20,2026-09-21,2026-09-20 18:47:47,OTA_EaseMyTrip,DEL-BOM,IndiGo,DEL-BOM_20260921_6E_1800,T+1,Economy,5224.0,1306.0,6530
2026-09-20,2026-09-21,2026-09-20 18:47:47,OTA_EaseMyTrip,DEL-BOM,IndiGo,DEL-BOM_20260921_6E_1530,T+1,Economy,5224.0,1306.0,6530
2026-09-20,2026-09-21,2026-09-20 18:47:47,OTA_EaseMyTrip,DEL-BOM,IndiGo,DEL-BOM_20260921_6E_1445,T+1,Economy,5224.0,1306.0,6530
2026-09-20,2026-09-21,2026-09-20 18:47:47,OTA_EaseMyTrip,DEL-BOM,IndiGo,DEL-BOM_20260921_6E_2145,T+1,Economy,5224.0,1306.0,6530
2026-09-20,2026-09-21,2026-09-20 18:47:47,OTA_EaseMyTrip,DEL-BOM,IndiGo,DEL-BOM_20260921_6E_2245,T+1,Economy,5224.0,1306.0,6530
2026-09-20,2026-09-21,2026-09-20 18:47:47,OTA_EaseMyTrip,DEL-BOM,IndiGo,DEL-BOM_20260921_6E_1615,T+1,Economy,5224.0,1306.0,6530
2026-09-20,2026-09-21,2026-09-20 18:47:47,OTA_EaseMyTrip,DEL-BOM,IndiGo,DEL-BOM_20260921_6E_1400,T+1,Economy,5224.0,1306.0,6530
2026-09-20,2026-09-21,2026-09-20 18:47:47,OTA_EaseMyTrip,DEL-BOM,IndiGo,DEL-BOM_20260921_6E_1300,T+1,Economy,5266.4,1316.6,6583
2026-09-20,2026-09-21,2026-09-20 18:47:47,OTA_EaseMyTrip,DEL-BOM,IndiGo,DEL-BOM_20260921_6E_2150,T+1,Economy,5294.4,1323.6,6618
2026-09-20,2026-09-21,2026-09-20 18:47:47,OTA_EaseMyTrip,DEL-BOM,IndiGo,DEL-BOM_20260921_6E_1535,T+1,Economy,5294.4,1323.6,6618
2026-09-20,2026-09-21,2026-09-20 18:47:47,OTA_EaseMyTrip,DEL-BOM,IndiGo,DEL-BOM_20260921_6E_1705,T+1,Economy,5294.4,1323.6,6618
2026-09-20,2026-09-21,2026-09-20 18:47:47,OTA_EaseMyTrip,DEL-BOM,IndiGo,DEL-BOM_20260921_6E_1900,T+1,Economy,5324.8,1331.2,6656
2026-09-20,2026-09-21,2026-09-20 18:47:47,OTA_EaseMyTrip,DEL-BOM,IndiGo,DEL-BOM_20260921_6E_1940,T+1,Economy,5400.0,1350.0,6750
2026-09-20,2026-09-21,2026-09-20 18:47:47,OTA_EaseMyTrip,DEL-BOM,IndiGo,DEL-BOM_20260921_6E_1720,T+1,Economy,5400.0,1350.0,6750
2026-09-20,2026-09-21,2026-09-20 18:47:47,OTA_EaseMyTrip,DEL-BOM,IndiGo,DEL-BOM_20260921_6E_1200,T+1,Economy,5400.8,1350.2,6751
2026-09-20,2026-09-21,2026-09-20 18:47:47,OTA_EaseMyTrip,DEL-BOM,IndiGo,DEL-BOM_20260921_6E_1500,T+1,Economy,5420.8,1355.2,6776
2026-09-20,2026-09-21,2026-09-20 18:47:47,OTA_EaseMyTrip,DEL-BOM,IndiGo,DEL-BOM_20260921_6E_0900,T+1,Economy,5462.4,1365.6,6828
2026-09-20,2026-09-21,2026-09-20 18:47:47,OTA_EaseMyTrip,DEL-BOM,IndiGo,DEL-BOM_20260921_6E_1320,T+1,Economy,5462.4,1365.6,6828
2026-09-20,2026-09-21,2026-09-20 18:47:47,OTA_EaseMyTrip,DEL-BOM,IndiGo,DEL-BOM_20260921_6E_0815,T+1,Economy,5462.4,1365.6,6828
2026-09-20,2026-09-21,2026-09-20 18:47:47,OTA_EaseMyTrip,DEL-BOM,IndiGo,DEL-BOM_20260921_6E_1945,T+1,Economy,5568.0,1392.0,6960
2026-09-20,2026-09-21,2026-09-20 18:47:47,OTA_EaseMyTrip,DEL-BOM,IndiGo,DEL-BOM_20260921_6E_2315,T+1,Economy,5568.0,1392.0,6960
2026-09-20,2026-09-21,2026-09-20 18:47:47,OTA_EaseMyTrip,DEL-BOM,IndiGo,DEL-BOM_20260921_6E_1840,T+1,Economy,5568.0,1392.0,6960
2026-09-20,2026-09-21,2026-09-20 18:47:47,OTA_EaseMyTrip,DEL-BOM,Air India,DEL-BOM_20260921_AI_1610,T+1,Economy,5600.8,1400.2,7001
2026-09-20,2026-09-21,2026-09-20 18:47:47,OTA_EaseMyTrip,DEL-BOM,Air India Express,DEL-BOM_20260921_IX_1735,T+1,Economy,5854.4,1463.6,7318
2026-09-20,2026-09-21,2026-09-20 18:47:47,OTA_EaseMyTrip,DEL-BOM,Air India,DEL-BOM_20260921_AI_1735,T+1,Economy,5854.4,1463.6,7318
2026-09-20,2026-09-21,2026-09-20 18:47:47,OTA_EaseMyTrip,DEL-BOM,IndiGo,DEL-BOM_20260921_6E_1450,T+1,Economy,6115.2,1528.8,7644
2026-09-20,2026-09-21,2026-09-20 18:47:47,OTA_EaseMyTrip,DEL-BOM,IndiGo,DEL-BOM_20260921_6E_0615,T+1,Economy,6456.0,1614.0,8070
2026-09-20,2026-09-21,2026-09-20 18:47:47,OTA_EaseMyTrip,DEL-BOM,Air India Express,DEL-BOM_20260921_IX_1840,T+1,Economy,6679.2,1669.8,8349
2026-09-20,2026-09-21,2026-09-20 18:47:47,OTA_EaseMyTrip,DEL-BOM,Air India,DEL-BOM_20260921_AI_1840,T+1,Economy,6679.2,1669.8,8349
2026-09-20,2026-09-21,2026-09-20 18:47:47,OTA_EaseMyTrip,DEL-BOM,IndiGo,DEL-BOM_20260921_6E_0455,T+1,Economy,6702.4,1675.6,8378
2026-09-20,2026-09-21,2026-09-20 18:47:47,OTA_EaseMyTrip,DEL-BOM,IndiGo,DEL-BOM_20260921_6E_0740,T+1,Economy,7128.0,1782.0,8910
2026-09-20,2026-09-21,2026-09-20 18:47:47,OTA_EaseMyTrip,DEL-BOM,Air India Express,DEL-BOM_20260921_IX_0545,T+1,Economy,7256.8,1814.2,9071
2026-09-20,2026-09-21,2026-09-20 18:47:47,OTA_EaseMyTrip,DEL-BOM,Air India,DEL-BOM_20260921_AI_0545,T+1,Economy,7256.8,1814.2,9071
2026-09-20,2026-09-21,2026-09-20 18:47:47,OTA_EaseMyTrip,DEL-BOM,IndiGo,DEL-BOM_20260921_6E_0500,T+1,Economy,7342.4,1835.6,9178
2026-09-20,2026-09-21,2026-09-20 18:47:47,OTA_EaseMyTrip,DEL-BOM,IndiGo,DEL-BOM_20260921_6E_1545,T+1,Economy,7628.8,1907.2,9536
2026-09-20,2026-09-21,2026-09-20 18:47:47,OTA_EaseMyTrip,DEL-BOM,Air India Express,DEL-BOM_20260921_IX_1910,T+1,Economy,7976.8,1994.2,9971
2026-09-20,2026-09-21,2026-09-20 18:47:47,OTA_EaseMyTrip,DEL-BOM,Air India,DEL-BOM_20260921_AI_1910,T+1,Economy,7976.8,1994.2,9971
2026-09-20,2026-09-21,2026-09-20 18:47:47,OTA_EaseMyTrip,DEL-BOM,IndiGo,DEL-BOM_20260921_6E_1250,T+1,Economy,8136.0,2034.0,10170
2026-09-20,2026-09-21,2026-09-20 18:47:47,OTA_EaseMyTrip,DEL-BOM,IndiGo,DEL-BOM_20260921_6E_2125,T+1,Economy,8395.2,2098.8,10494
2026-09-20,2026-09-21,2026-09-20 18:47:47,OTA_EaseMyTrip,DEL-BOM,Air India,DEL-BOM_20260921_AI_1150,T+1,Economy,8940.0,2235.0,11175
2026-09-20,2026-09-21,2026-09-20 18:47:47,OTA_EaseMyTrip,DEL-BOM,IndiGo,DEL-BOM_20260921_6E_0540,T+1,Economy,9220.0,2305.0,11525
2026-09-20,2026-09-21,2026-09-20 18:47:47,OTA_EaseMyTrip,DEL-BOM,IndiGo,DEL-BOM_20260921_6E_2020,T+1,Economy,9591.2,2397.8,11989
2026-09-20,2026-09-21,2026-09-20 18:47:47,OTA_EaseMyTrip,DEL-BOM,Air India Express,DEL-BOM_20260921_IX_1155,T+1,Economy,9777.6,2444.4,12222
2026-09-20,2026-09-21,2026-09-20 18:47:47,OTA_EaseMyTrip,DEL-BOM,Air India,DEL-BOM_20260921_AI_1155,T+1,Economy,9777.6,2444.4,12222
2026-09-20,2026-09-21,2026-09-20 18:47:47,OTA_EaseMyTrip,DEL-BOM,IndiGo,DEL-BOM_20260921_6E_1630,T+1,Economy,10179.2,2544.8,12724
2026-09-20,2026-09-21,2026-09-20 18:47:47,OTA_EaseMyTrip,DEL-BOM,IndiGo,DEL-BOM_20260921_6E_1930,T+1,Economy,11516.0,2879.0,14395
2026-09-20,2026-09-21,2026-09-20 18:47:47,OTA_EaseMyTrip,DEL-BOM,Air India Express,DEL-BOM_20260921_IX_2125,T+1,Economy,11785.6,2946.4,14732
2026-09-20,2026-09-21,2026-09-20 18:47:47,OTA_EaseMyTrip,DEL-BOM,Air India Express,DEL-BOM_20260921_IX_1930,T+1,Economy,11785.6,2946.4,14732
2026-09-20,2026-09-21,2026-09-20 18:47:47,OTA_EaseMyTrip,DEL-BOM,Air India,DEL-BOM_20260921_AI_2125,T+1,Economy,11785.6,2946.4,14732
2026-09-20,2026-09-21,2026-09-20 18:47:47,OTA_EaseMyTrip,DEL-BOM,Air India,DEL-BOM_20260921_AI_1930,T+1,Economy,11785.6,2946.4,14732
2026-09-20,2026-09-21,2026-09-20 18:47:47,OTA_EaseMyTrip,DEL-BOM,Air India,DEL-BOM_20260921_AI_1625,T+1,Economy,11808.0,2952.0,14760
2026-09-20,2026-09-21,2026-09-20 18:47:47,OTA_EaseMyTrip,DEL-BOM,Air India Express,DEL-BOM_20260921_IX_0445,T+1,Economy,11891.2,2972.8,14864
2026-09-20,2026-09-21,2026-09-20 18:47:47,OTA_EaseMyTrip,DEL-BOM,Air India,DEL-BOM_20260921_AI_0445,T+1,Economy,11891.2,2972.8,14864
2026-09-20,2026-09-21,2026-09-20 18:47:47,OTA_EaseMyTrip,DEL-BOM,IndiGo,DEL-BOM_20260921_6E_0655,T+1,Economy,12615.2,3153.8,15769
2026-09-20,2026-09-21,2026-09-20 18:47:47,OTA_EaseMyTrip,DEL-BOM,Air India,DEL-BOM_20260921_AI_1045,T+1,Economy,12768.0,3192.0,15960
2026-09-20,2026-09-21,2026-09-20 18:47:47,OTA_EaseMyTrip,DEL-BOM,Air India Express,DEL-BOM_20260921_IX_1525,T+1,Economy,12872.0,3218.0,16090
2026-09-20,2026-09-21,2026-09-20 18:47:47,OTA_EaseMyTrip,DEL-BOM,Air India,DEL-BOM_20260921_AI_1525,T+1,Economy,12872.0,3218.0,16090
2026-09-20,2026-09-21,2026-09-20 18:47:47,OTA_EaseMyTrip,DEL-BOM,Air India Express,DEL-BOM_20260921_IX_1040,T+1,Economy,12872.8,3218.2,16091
2026-09-20,2026-09-21,2026-09-20 18:47:47,OTA_EaseMyTrip,DEL-BOM,Air India,DEL-BOM_20260921_AI_1040,T+1,Economy,12872.8,3218.2,16091
2026-09-20,2026-09-21,2026-09-20 18:47:47,OTA_EaseMyTrip,DEL-BOM,Air India Express,DEL-BOM_20260921_IX_1920,T+1,Economy,13352.0,3338.0,16690
2026-09-20,2026-09-21,2026-09-20 18:47:47,OTA_EaseMyTrip,DEL-BOM,Air India,DEL-BOM_20260921_AI_1920,T+1,Economy,13352.0,3338.0,16690
2026-09-20,2026-09-21,2026-09-20 18:47:47,OTA_EaseMyTrip,DEL-BOM,IndiGo,DEL-BOM_20260921_6E_1000,T+1,Economy,13414.4,3353.6,16768
2026-09-20,2026-09-21,2026-09-20 18:47:47,OTA_EaseMyTrip,DEL-BOM,Air India Express,DEL-BOM_20260921_IX_0935,T+1,Economy,13879.2,3469.8,17349
2026-09-20,2026-09-21,2026-09-20 18:47:47,OTA_EaseMyTrip,DEL-BOM,Air India,DEL-BOM_20260921_AI_0935,T+1,Economy,13879.2,3469.8,17349
2026-09-20,2026-09-21,2026-09-20 18:47:47,OTA_EaseMyTrip,DEL-BOM,Air India Express,DEL-BOM_20260921_IX_0610,T+1,Economy,14004.8,3501.2,17506
2026-09-20,2026-09-21,2026-09-20 18:47:47,OTA_EaseMyTrip,DEL-BOM,Air India,DEL-BOM_20260921_AI_0610,T+1,Economy,14004.8,3501.2,17506
2026-09-20,2026-09-21,2026-09-20 18:47:47,OTA_EaseMyTrip,DEL-BOM,Air India Express,DEL-BOM_20260921_IX_0900,T+1,Economy,14007.2,3501.8,17509
2026-09-20,2026-09-21,2026-09-20 18:47:47,OTA_EaseMyTrip,DEL-BOM,Air India,DEL-BOM_20260921_AI_0900,T+1,Economy,14007.2,3501.8,17509
2026-09-20,2026-09-21,2026-09-20 18:47:47,OTA_EaseMyTrip,DEL-BOM,IndiGo,DEL-BOM_20260921_6E_0605,T+1,Economy,14800.0,3700.0,18500
2026-09-20,2026-09-21,2026-09-20 18:47:47,OTA_EaseMyTrip,DEL-BOM,IndiGo,DEL-BOM_20260921_6E_0845,T+1,Economy,14800.0,3700.0,18500
2026-09-20,2026-09-21,2026-09-20 18:47:47,OTA_EaseMyTrip,DEL-BOM,IndiGo,DEL-BOM_20260921_6E_0930,T+1,Economy,14800.0,3700.0,18500
2026-09-20,2026-09-21,2026-09-20 18:47:47,OTA_EaseMyTrip,DEL-BOM,Air India Express,DEL-BOM_20260921_IX_1215,T+1,Economy,14882.4,3720.6,18603
2026-09-20,2026-09-21,2026-09-20 18:47:47,OTA_EaseMyTrip,DEL-BOM,Air India,DEL-BOM_20260921_AI_1215,T+1,Economy,14882.4,3720.6,18603
2026-09-20,2026-09-21,2026-09-20 18:47:47,OTA_EaseMyTrip,DEL-BOM,IndiGo,DEL-BOM_20260921_6E_1910,T+1,Economy,15602.4,3900.6,19503
2026-09-20,2026-09-21,2026-09-20 18:47:47,OTA_EaseMyTrip,DEL-BOM,Air India,DEL-BOM_20260921_AI_1350,T+1,Economy,16338.4,4084.6,20423
2026-09-20,2026-09-21,2026-09-20 18:47:47,OTA_EaseMyTrip,DEL-BOM,Air India Express,DEL-BOM_20260921_IX_0720,T+1,Economy,16730.4,4182.6,20913
2026-09-20,2026-09-21,2026-09-20 18:47:47,OTA_EaseMyTrip,DEL-BOM,Air India,DEL-BOM_20260921_AI_0720,T+1,Economy,16730.4,4182.6,20913
2026-09-20,2026-09-21,2026-09-20 18:47:47,OTA_EaseMyTrip,DEL-BOM,Air India Express,DEL-BOM_20260921_IX_1115,T+1,Economy,16832.8,4208.2,21041
2026-09-20,2026-09-21,2026-09-20 18:47:47,OTA_EaseMyTrip,DEL-BOM,Air India,DEL-BOM_20260921_AI_1115,T+1,Economy,16832.8,4208.2,21041
2026-09-20,2026-09-21,2026-09-20 18:47:47,OTA_EaseMyTrip,DEL-BOM,IndiGo,DEL-BOM_20260921_6E_0510,T+1,Economy,16997.6,4249.4,21247
2026-09-20,2026-09-21,2026-09-20 18:47:47,OTA_EaseMyTrip,DEL-BOM,IndiGo,DEL-BOM_20260921_6E_0955,T+1,Economy,17480.0,4370.0,21850
2026-09-20,2026-09-21,2026-09-20 18:47:47,OTA_EaseMyTrip,DEL-BOM,Air India Express,DEL-BOM_20260921_IX_0650,T+1,Economy,17503.2,4375.8,21879
2026-09-20,2026-09-21,2026-09-20 18:47:47,OTA_EaseMyTrip,DEL-BOM,Air India,DEL-BOM_20260921_AI_0650,T+1,Economy,17503.2,4375.8,21879
2026-09-20,2026-09-21,2026-09-20 18:47:47,OTA_EaseMyTrip,DEL-BOM,IndiGo,DEL-BOM_20260921_6E_1215,T+1,Economy,18126.4,4531.6,22658
2026-09-20,2026-09-21,2026-09-20 18:47:47,OTA_EaseMyTrip,DEL-BOM,Air India,DEL-BOM_20260921_AI_1220,T+1,Economy,18156.0,4539.0,22695
2026-09-20,2026-09-21,2026-09-20 18:47:47,OTA_EaseMyTrip,DEL-BOM,IndiGo,DEL-BOM_20260921_6E_0730,T+1,Economy,18465.6,4616.4,23082
2026-09-20,2026-09-21,2026-09-20 18:47:47,OTA_EaseMyTrip,DEL-BOM,IndiGo,DEL-BOM_20260921_6E_0555,T+1,Economy,19955.2,4988.8,24944
2026-09-20,2026-09-21,2026-09-20 18:47:47,OTA_EaseMyTrip,DEL-BOM,Air India,DEL-BOM_20260921_AI_0600,T+1,Economy,38540.0,9635.0,48175
2026-09-20,2026-09-27,2026-09-20 18:59:25,OTA_EaseMyTrip,MAA-DEL,IndiGo,MAA-DEL_20260927_6E_2345,T+7,Economy,8120.0,2030.0,10150
2026-09-20,2026-09-27,2026-09-20 18:59:25,OTA_EaseMyTrip,MAA-DEL,IndiGo,MAA-DEL_20260927_6E_2150,T+7,Economy,8884.0,2221.0,11105
2026-09-20,2026-09-27,2026-09-20 18:59:25,OTA_EaseMyTrip,MAA-DEL,IndiGo,MAA-DEL_20260927_6E_0630,T+7,Economy,8884.0,2221.0,11105
2026-09-20,2026-09-27,2026-09-20 18:59:25,OTA_EaseMyTrip,MAA-DEL,IndiGo,MAA-DEL_20260927_6E_1110,T+7,Economy,9298.4,2324.6,11623
2026-09-20,2026-09-27,2026-09-20 18:59:25,OTA_EaseMyTrip,MAA-DEL,IndiGo,MAA-DEL_20260927_6E_1645,T+7,Economy,9298.4,2324.6,11623
2026-09-20,2026-09-27,2026-09-20 18:59:25,OTA_EaseMyTrip,MAA-DEL,IndiGo,MAA-DEL_20260927_6E_1300,T+7,Economy,9298.4,2324.6,11623
2026-09-20,2026-09-27,2026-09-20 18:59:25,OTA_EaseMyTrip,MAA-DEL,IndiGo,MAA-DEL_20260927_6E_0915,T+7,Economy,9298.4,2324.6,11623
2026-09-20,2026-09-27,2026-09-20 18:59:25,OTA_EaseMyTrip,MAA-DEL,IndiGo,MAA-DEL_20260927_6E_1430,T+7,Economy,9298.4,2324.6,11623
2026-09-20,2026-09-27,2026-09-20 18:59:25,OTA_EaseMyTrip,MAA-DEL,Air India,MAA-DEL_20260927_AI_2140,T+7,Economy,9367.2,2341.8,11709
2026-09-20,2026-09-27,2026-09-20 18:59:25,OTA_EaseMyTrip,MAA-DEL,Air India Express,MAA-DEL_20260927_IX_2125,T+7,Economy,9464.0,2366.0,11830
2026-09-20,2026-09-27,2026-09-20 18:59:25,OTA_EaseMyTrip,MAA-DEL,Air India,MAA-DEL_20260927_AI_2125,T+7,Economy,9464.0,2366.0,11830
2026-09-20,2026-09-27,2026-09-20 18:59:25,OTA_EaseMyTrip,MAA-DEL,Air India,MAA-DEL_20260927_AI_2010,T+7,Economy,9521.6,2380.4,11902
2026-09-20,2026-09-27,2026-09-20 18:59:25,OTA_EaseMyTrip,MAA-DEL,IndiGo,MAA-DEL_20260927_6E_0310,T+7,Economy,9734.4,2433.6,12168
2026-09-20,2026-09-27,2026-09-20 18:59:25,OTA_EaseMyTrip,MAA-DEL,Air India,MAA-DEL_20260927_AI_1400,T+7,Economy,9793.6,2448.4,12242
2026-09-20,2026-09-27,2026-09-20 18:59:25,OTA_EaseMyTrip,MAA-DEL,Air India,MAA-DEL_20260927_AI_1100,T+7,Economy,9793.6,2448.4,12242
2026-09-20,2026-09-27,2026-09-20 18:59:25,OTA_EaseMyTrip,MAA-DEL,IndiGo,MAA-DEL_20260927_6E_2125,T+7,Economy,9821.6,2455.4,12277
2026-09-20,2026-09-27,2026-09-20 18:59:25,OTA_EaseMyTrip,MAA-DEL,IndiGo,MAA-DEL_20260927_6E_0905,T+7,Economy,9821.6,2455.4,12277
2026-09-20,2026-09-27,2026-09-20 18:59:25,OTA_EaseMyTrip,MAA-DEL,IndiGo,MAA-DEL_20260927_6E_1200,T+7,Economy,9821.6,2455.4,12277
2026-09-20,2026-09-27,2026-09-20 18:59:25,OTA_EaseMyTrip,MAA-DEL,IndiGo,MAA-DEL_20260927_6E_0710,T+7,Economy,9821.6,2455.4,12277
2026-09-20,2026-09-27,2026-09-20 18:59:25,OTA_EaseMyTrip,MAA-DEL,IndiGo,MAA-DEL_20260927_6E_0540,T+7,Economy,9821.6,2455.4,12277
2026-09-20,2026-09-27,2026-09-20 18:59:25,OTA_EaseMyTrip,MAA-DEL,IndiGo,MAA-DEL_20260927_6E_0955,T+7,Economy,9821.6,2455.4,12277
2026-09-20,2026-09-27,2026-09-20 18:59:25,OTA_EaseMyTrip,MAA-DEL,IndiGo,MAA-DEL_20260927_6E_2000,T+7,Economy,9821.6,2455.4,12277
2026-09-20,2026-09-27,2026-09-20 18:59:25,OTA_EaseMyTrip,MAA-DEL,IndiGo,MAA-DEL_20260927_6E_1055,T+7,Economy,9884.8,2471.2,12356
2026-09-20,2026-09-27,2026-09-20 18:59:25,OTA_EaseMyTrip,MAA-DEL,IndiGo,MAA-DEL_20260927_6E_0705,T+7,Economy,9884.8,2471.2,12356
2026-09-20,2026-09-27,2026-09-20 18:59:25,OTA_EaseMyTrip,MAA-DEL,IndiGo,MAA-DEL_20260927_6E_1905,T+7,Economy,9884.8,2471.2,12356
2026-09-20,2026-09-27,2026-09-20 18:59:25,OTA_EaseMyTrip,MAA-DEL,IndiGo,MAA-DEL_20260927_6E_0855,T+7,Economy,9884.8,2471.2,12356
2026-09-20,2026-09-27,2026-09-20 18:59:25,OTA_EaseMyTrip,MAA-DEL,IndiGo,MAA-DEL_20260927_6E_1615,T+7,Economy,9884.8,2471.2,12356
2026-09-20,2026-09-27,2026-09-20 18:59:25,OTA_EaseMyTrip,MAA-DEL,Air India,MAA-DEL_20260927_AI_1045,T+7,Economy,9890.4,2472.6,12363
2026-09-20,2026-09-27,2026-09-20 18:59:25,OTA_EaseMyTrip,MAA-DEL,Air India,MAA-DEL_20260927_AI_1620,T+7,Economy,9956.8,2489.2,12446
2026-09-20,2026-09-27,2026-09-20 18:59:25,OTA_EaseMyTrip,MAA-DEL,IndiGo,MAA-DEL_20260927_6E_0900,T+7,Economy,9989.6,2497.4,12487
2026-09-20,2026-09-27,2026-09-20 18:59:25,OTA_EaseMyTrip,MAA-DEL,IndiGo,MAA-DEL_20260927_6E_1700,T+7,Economy,9989.6,2497.4,12487
2026-09-20,2026-09-27,2026-09-20 18:59:25,OTA_EaseMyTrip,MAA-DEL,IndiGo,MAA-DEL_20260927_6E_0230,T+7,Economy,9989.6,2497.4,12487
2026-09-20,2026-09-27,2026-09-20 18:59:25,OTA_EaseMyTrip,MAA-DEL,IndiGo,MAA-DEL_20260927_6E_1245,T+7,Economy,9989.6,2497.4,12487
2026-09-20,2026-09-27,2026-09-20 18:59:25,OTA_EaseMyTrip,MAA-DEL,IndiGo,MAA-DEL_20260927_6E_1815,T+7,Economy,9989.6,2497.4,12487
2026-09-20,2026-09-27,2026-09-20 18:59:25,OTA_EaseMyTrip,MAA-DEL,IndiGo,MAA-DEL_20260927_6E_1100,T+7,Economy,9989.6,2497.4,12487
2026-09-20,2026-09-27,2026-09-20 18:59:25,OTA_EaseMyTrip,MAA-DEL,IndiGo,MAA-DEL_20260927_6E_1445,T+7,Economy,9989.6,2497.4,12487
2026-09-20,2026-09-27,2026-09-20 18:59:25,OTA_EaseMyTrip,MAA-DEL,IndiGo,MAA-DEL_20260927_6E_1640,T+7,Economy,9989.6,2497.4,12487
2026-09-20,2026-09-27,2026-09-20 18:59:25,OTA_EaseMyTrip,MAA-DEL,IndiGo,MAA-DEL_20260927_6E_1145,T+7,Economy,9989.6,2497.4,12487
2026-09-20,2026-09-27,2026-09-20 18:59:25,OTA_EaseMyTrip,MAA-DEL,IndiGo,MAA-DEL_20260927_6E_1900,T+7,Economy,10197.6,2549.4,12747
2026-09-20,2026-09-27,2026-09-20 18:59:25,OTA_EaseMyTrip,MAA-DEL,Air India,MAA-DEL_20260927_AI_0630,T+7,Economy,10254.4,2563.6,12818
2026-09-20,2026-09-27,2026-09-20 18:59:25,OTA_EaseMyTrip,MAA-DEL,IndiGo,MAA-DEL_20260927_6E_1230,T+7,Economy,10456.0,2614.0,13070
2026-09-20,2026-09-27,2026-09-20 18:59:25,OTA_EaseMyTrip,MAA-DEL,IndiGo,MAA-DEL_20260927_6E_1610,T+7,Economy,10621.6,2655.4,13277
2026-09-20,2026-09-27,2026-09-20 18:59:25,OTA_EaseMyTrip,MAA-DEL,Air India,MAA-DEL_20260927_AI_0725,T+7,Economy,10644.0,2661.0,13305
2026-09-20,2026-09-27,2026-09-20 18:59:25,OTA_EaseMyTrip,MAA-DEL,Air India,MAA-DEL_20260927_AI_0855,T+7,Economy,10772.0,2693.0,13465
2026-09-20,2026-09-27,2026-09-20 18:59:25,OTA_EaseMyTrip,MAA-DEL,IndiGo,MAA-DEL_20260927_6E_0820,T+7,Economy,10789.6,2697.4,13487
2026-09-20,2026-09-27,2026-09-20 18:59:25,OTA_EaseMyTrip,MAA-DEL,Air India Express,MAA-DEL_20260927_IX_0855,T+7,Economy,10824.8,2706.2,13531
2026-09-20,2026-09-27,2026-09-20 18:59:25,OTA_EaseMyTrip,MAA-DEL,Air India Express,MAA-DEL_20260927_IX_1630,T+7,Economy,10947.2,2736.8,13684
2026-09-20,2026-09-27,2026-09-20 18:59:25,OTA_EaseMyTrip,MAA-DEL,Air India,MAA-DEL_20260927_AI_1630,T+7,Economy,10947.2,2736.8,13684
2026-09-20,2026-09-27,2026-09-20 18:59:25,OTA_EaseMyTrip,MAA-DEL,Air India Express,MAA-DEL_20260927_IX_2205,T+7,Economy,10959.2,2739.8,13699
2026-09-20,2026-09-27,2026-09-20 18:59:25,OTA_EaseMyTrip,MAA-DEL,Air India,MAA-DEL_20260927_AI_2205,T+7,Economy,10959.2,2739.8,13699
2026-09-20,2026-09-27,2026-09-20 18:59:25,OTA_EaseMyTrip,MAA-DEL,Air India,MAA-DEL_20260927_AI_0655,T+7,Economy,11112.0,2778.0,13890
2026-09-20,2026-09-27,2026-09-20 18:59:25,OTA_EaseMyTrip,MAA-DEL,IndiGo,MAA-DEL_20260927_6E_2220,T+7,Economy,11246.4,2811.6,14058
2026-09-20,2026-09-27,2026-09-20 18:59:25,OTA_EaseMyTrip,MAA-DEL,IndiGo,MAA-DEL_20260927_6E_1155,T+7,Economy,12461.6,3115.4,15577
2026-09-20,2026-09-27,2026-09-20 18:59:25,OTA_EaseMyTrip,MAA-DEL,Air India,MAA-DEL_20260927_AI_1940,T+7,Economy,12582.4,3145.6,15728
2026-09-20,2026-09-27,2026-09-20 18:59:25,OTA_EaseMyTrip,MAA-DEL,IndiGo,MAA-DEL_20260927_6E_1435,T+7,Economy,12629.6,3157.4,15787
2026-09-20,2026-09-27,2026-09-20 18:59:25,OTA_EaseMyTrip,MAA-DEL,IndiGo,MAA-DEL_20260927_6E_1745,T+7,Economy,12756.0,3189.0,15945
2026-09-20,2026-09-27,2026-09-20 18:59:25,OTA_EaseMyTrip,MAA-DEL,Air India Express,MAA-DEL_20260927_IX_1440,T+7,Economy,13668.0,3417.0,17085
2026-09-20,2026-09-27,2026-09-20 18:59:25,OTA_EaseMyTrip,MAA-DEL,Air India,MAA-DEL_20260927_AI_1440,T+7,Economy,13668.0,3417.0,17085
2026-09-20,2026-09-27,2026-09-20 18:59:25,OTA_EaseMyTrip,MAA-DEL,IndiGo,MAA-DEL_20260927_6E_1635,T+7,Economy,13683.2,3420.8,17104
2026-09-20,2026-09-27,2026-09-20 18:59:25,OTA_EaseMyTrip,MAA-DEL,IndiGo,MAA-DEL_20260927_6E_1750,T+7,Economy,14917.6,3729.4,18647
2026-09-20,2026-09-27,2026-09-20 18:59:25,OTA_EaseMyTrip,MAA-DEL,Air India,MAA-DEL_20260927_AI_1345,T+7,Economy,15042.4,3760.6,18803
2026-09-20,2026-09-27,2026-09-20 18:59:25,OTA_EaseMyTrip,MAA-DEL,Air India Express,MAA-DEL_20260927_IX_1045,T+7,Economy,15493.6,3873.4,19367
2026-09-20,2026-09-27,2026-09-20 18:59:25,OTA_EaseMyTrip,MAA-DEL,Air India Express,MAA-DEL_20260927_IX_0725,T+7,Economy,15493.6,3873.4,19367
2026-09-20,2026-09-27,2026-09-20 18:59:25,OTA_EaseMyTrip,MAA-DEL,Air India Express,MAA-DEL_20260927_IX_0630,T+7,Economy,15493.6,3873.4,19367
2026-09-20,2026-09-27,2026-09-20 18:59:25,OTA_EaseMyTrip,MAA-DEL,Air India,MAA-DEL_20260927_AI_0940,T+7,Economy,16860.0,4215.0,21075
2026-09-20,2026-09-27,2026-09-20 18:59:25,OTA_EaseMyTrip,MAA-DEL,IndiGo,MAA-DEL_20260927_6E_0810,T+7,Economy,20743.2,5185.8,25929
2026-09-20,2026-10-05,2026-09-20 19:00:08,OTA_EaseMyTrip,MAA-DEL,IndiGo,MAA-DEL_20261005_6E_0810,T+15,Economy,7091.2,1772.8,8864
2026-09-20,2026-10-05,2026-09-20 19:00:08,OTA_EaseMyTrip,MAA-DEL,IndiGo,MAA-DEL_20261005_6E_0705,T+15,Economy,7154.4,1788.6,8943
2026-09-20,2026-10-05,2026-09-20 19:00:08,OTA_EaseMyTrip,MAA-DEL,Air India Express,MAA-DEL_20261005_IX_1440,T+15,Economy,7440.8,1860.2,9301
2026-09-20,2026-10-05,2026-09-20 19:00:08,OTA_EaseMyTrip,MAA-DEL,Air India,MAA-DEL_20261005_AI_1440,T+15,Economy,7440.8,1860.2,9301
2026-09-20,2026-10-05,2026-09-20 19:00:08,OTA_EaseMyTrip,MAA-DEL,IndiGo,MAA-DEL_20261005_6E_1310,T+15,Economy,7527.2,1881.8,9409
2026-09-20,2026-10-05,2026-09-20 19:00:08,OTA_EaseMyTrip,MAA-DEL,Air India Express,MAA-DEL_20261005_IX_1045,T+15,Economy,7608.8,1902.2,9511
2026-09-20,2026-10-05,2026-09-20 19:00:08,OTA_EaseMyTrip,MAA-DEL,Air India Express,MAA-DEL_20261005_IX_0855,T+15,Economy,7608.8,1902.2,9511
2026-09-20,2026-10-05,2026-09-20 19:00:08,OTA_EaseMyTrip,MAA-DEL,Air India Express,MAA-DEL_20261005_IX_0725,T+15,Economy,7608.8,1902.2,9511
2026-09-20,2026-10-05,2026-09-20 19:00:08,OTA_EaseMyTrip,MAA-DEL,Air India Express,MAA-DEL_20261005_IX_0630,T+15,Economy,7608.8,1902.2,9511
2026-09-20,2026-10-05,2026-09-20 19:00:08,OTA_EaseMyTrip,MAA-DEL,Air India,MAA-DEL_20261005_AI_1045,T+15,Economy,7608.8,1902.2,9511
2026-09-20,2026-10-05,2026-09-20 19:00:08,OTA_EaseMyTrip,MAA-DEL,Air India,MAA-DEL_20261005_AI_0855,T+15,Economy,7608.8,1902.2,9511
2026-09-20,2026-10-05,2026-09-20 19:00:08,OTA_EaseMyTrip,MAA-DEL,Air India,MAA-DEL_20261005_AI_0725,T+15,Economy,7608.8,1902.2,9511
2026-09-20,2026-10-05,2026-09-20 19:00:08,OTA_EaseMyTrip,MAA-DEL,Air India,MAA-DEL_20261005_AI_0630,T+15,Economy,7608.8,1902.2,9511
2026-09-20,2026-10-05,2026-09-20 19:00:08,OTA_EaseMyTrip,MAA-DEL,IndiGo,MAA-DEL_20261005_6E_0355,T+15,Economy,7695.2,1923.8,9619
2026-09-20,2026-10-05,2026-09-20 19:00:08,OTA_EaseMyTrip,MAA-DEL,IndiGo,MAA-DEL_20261005_6E_1610,T+15,Economy,7695.2,1923.8,9619
2026-09-20,2026-10-05,2026-09-20 19:00:08,OTA_EaseMyTrip,MAA-DEL,IndiGo,MAA-DEL_20261005_6E_2220,T+15,Economy,7695.2,1923.8,9619
2026-09-20,2026-10-05,2026-09-20 19:00:08,OTA_EaseMyTrip,MAA-DEL,IndiGo,MAA-DEL_20261005_6E_1055,T+15,Economy,7757.6,1939.4,9697
2026-09-20,2026-10-05,2026-09-20 19:00:08,OTA_EaseMyTrip,MAA-DEL,IndiGo,MAA-DEL_20261005_6E_1435,T+15,Economy,7757.6,1939.4,9697
2026-09-20,2026-10-05,2026-09-20 19:00:08,OTA_EaseMyTrip,MAA-DEL,IndiGo,MAA-DEL_20261005_6E_1745,T+15,Economy,7757.6,1939.4,9697
2026-09-20,2026-10-05,2026-09-20 19:00:08,OTA_EaseMyTrip,MAA-DEL,IndiGo,MAA-DEL_20261005_6E_2200,T+15,Economy,7757.6,1939.4,9697
2026-09-20,2026-10-05,2026-09-20 19:00:08,OTA_EaseMyTrip,MAA-DEL,IndiGo,MAA-DEL_20261005_6E_2000,T+15,Economy,7757.6,1939.4,9697
2026-09-20,2026-10-05,2026-09-20 19:00:08,OTA_EaseMyTrip,MAA-DEL,IndiGo,MAA-DEL_20261005_6E_0900,T+15,Economy,7863.2,1965.8,9829
2026-09-20,2026-10-05,2026-09-20 19:00:08,OTA_EaseMyTrip,MAA-DEL,IndiGo,MAA-DEL_20261005_6E_1815,T+15,Economy,7863.2,1965.8,9829
2026-09-20,2026-10-05,2026-09-20 19:00:08,OTA_EaseMyTrip,MAA-DEL,IndiGo,MAA-DEL_20261005_6E_1100,T+15,Economy,7863.2,1965.8,9829
2026-09-20,2026-10-05,2026-09-20 19:00:08,OTA_EaseMyTrip,MAA-DEL,IndiGo,MAA-DEL_20261005_6E_1230,T+15,Economy,7868.8,1967.2,9836
2026-09-20,2026-10-05,2026-09-20 19:00:08,OTA_EaseMyTrip,MAA-DEL,IndiGo,MAA-DEL_20261005_6E_2150,T+15,Economy,8120.0,2030.0,10150
2026-09-20,2026-10-05,2026-09-20 19:00:08,OTA_EaseMyTrip,MAA-DEL,IndiGo,MAA-DEL_20261005_6E_0245,T+15,Economy,8120.0,2030.0,10150
2026-09-20,2026-10-05,2026-09-20 19:00:08,OTA_EaseMyTrip,MAA-DEL,IndiGo,MAA-DEL_20261005_6E_2345,T+15,Economy,8120.0,2030.0,10150
2026-09-20,2026-10-05,2026-09-20 19:00:08,OTA_EaseMyTrip,MAA-DEL,IndiGo,MAA-DEL_20261005_6E_1300,T+15,Economy,8120.0,2030.0,10150
2026-09-20,2026-10-05,2026-09-20 19:00:08,OTA_EaseMyTrip,MAA-DEL,IndiGo,MAA-DEL_20261005_6E_1430,T+15,Economy,8120.0,2030.0,10150
2026-09-20,2026-10-05,2026-09-20 19:00:08,OTA_EaseMyTrip,MAA-DEL,IndiGo,MAA-DEL_20261005_6E_1200,T+15,Economy,8300.8,2075.2,10376
2026-09-20,2026-10-05,2026-09-20 19:00:08,OTA_EaseMyTrip,MAA-DEL,IndiGo,MAA-DEL_20261005_6E_0710,T+15,Economy,8300.8,2075.2,10376
2026-09-20,2026-10-05,2026-09-20 19:00:08,OTA_EaseMyTrip,MAA-DEL,IndiGo,MAA-DEL_20261005_6E_0955,T+15,Economy,8300.8,2075.2,10376
2026-09-20,2026-10-05,2026-09-20 19:00:08,OTA_EaseMyTrip,MAA-DEL,IndiGo,MAA-DEL_20261005_6E_1015,T+15,Economy,8300.8,2075.2,10376
2026-09-20,2026-10-05,2026-09-20 19:00:08,OTA_EaseMyTrip,MAA-DEL,IndiGo,MAA-DEL_20261005_6E_0905,T+15,Economy,8300.8,2075.2,10376
2026-09-20,2026-10-05,2026-09-20 19:00:08,OTA_EaseMyTrip,MAA-DEL,IndiGo,MAA-DEL_20261005_6E_1905,T+15,Economy,8363.2,2090.8,10454
2026-09-20,2026-10-05,2026-09-20 19:00:08,OTA_EaseMyTrip,MAA-DEL,IndiGo,MAA-DEL_20261005_6E_0855,T+15,Economy,8363.2,2090.8,10454
2026-09-20,2026-10-05,2026-09-20 19:00:08,OTA_EaseMyTrip,MAA-DEL,IndiGo,MAA-DEL_20261005_6E_1615,T+15,Economy,8363.2,2090.8,10454
2026-09-20,2026-10-05,2026-09-20 19:00:08,OTA_EaseMyTrip,MAA-DEL,Air India,MAA-DEL_20261005_AI_2010,T+15,Economy,8370.4,2092.6,10463
2026-09-20,2026-10-05,2026-09-20 19:00:08,OTA_EaseMyTrip,MAA-DEL,Air India,MAA-DEL_20261005_AI_1100,T+15,Economy,8370.4,2092.6,10463
2026-09-20,2026-10-05,2026-09-20 19:00:08,OTA_EaseMyTrip,MAA-DEL,Air India,MAA-DEL_20261005_AI_1620,T+15,Economy,8370.4,2092.6,10463
2026-09-20,2026-10-05,2026-09-20 19:00:08,OTA_EaseMyTrip,MAA-DEL,Air India,MAA-DEL_20261005_AI_2140,T+15,Economy,8370.4,2092.6,10463
2026-09-20,2026-10-05,2026-09-20 19:00:08,OTA_EaseMyTrip,MAA-DEL,IndiGo,MAA-DEL_20261005_6E_1700,T+15,Economy,8468.8,2117.2,10586
2026-09-20,2026-10-05,2026-09-20 19:00:08,OTA_EaseMyTrip,MAA-DEL,IndiGo,MAA-DEL_20261005_6E_1245,T+15,Economy,8468.8,2117.2,10586
2026-09-20,2026-10-05,2026-09-20 19:00:08,OTA_EaseMyTrip,MAA-DEL,IndiGo,MAA-DEL_20261005_6E_0500,T+15,Economy,8468.8,2117.2,10586
2026-09-20,2026-10-05,2026-09-20 19:00:08,OTA_EaseMyTrip,MAA-DEL,IndiGo,MAA-DEL_20261005_6E_1110,T+15,Economy,8492.0,2123.0,10615
2026-09-20,2026-10-05,2026-09-20 19:00:08,OTA_EaseMyTrip,MAA-DEL,IndiGo,MAA-DEL_20261005_6E_1900,T+15,Economy,8492.0,2123.0,10615
2026-09-20,2026-10-05,2026-09-20 19:00:08,OTA_EaseMyTrip,MAA-DEL,IndiGo,MAA-DEL_20261005_6E_0915,T+15,Economy,8492.0,2123.0,10615
2026-09-20,2026-10-05,2026-09-20 19:00:08,OTA_EaseMyTrip,MAA-DEL,IndiGo,MAA-DEL_20261005_6E_2235,T+15,Economy,8849.6,2212.4,11062
2026-09-20,2026-10-05,2026-09-20 19:00:08,OTA_EaseMyTrip,MAA-DEL,IndiGo,MAA-DEL_20261005_6E_2125,T+15,Economy,8966.4,2241.6,11208
2026-09-20,2026-10-05,2026-09-20 19:00:08,OTA_EaseMyTrip,MAA-DEL,IndiGo,MAA-DEL_20261005_6E_1740,T+15,Economy,9134.4,2283.6,11418
2026-09-20,2026-10-05,2026-09-20 19:00:08,OTA_EaseMyTrip,MAA-DEL,Air India,MAA-DEL_20261005_AI_0950,T+15,Economy,9134.4,2283.6,11418
2026-09-20,2026-10-05,2026-09-20 19:00:08,OTA_EaseMyTrip,MAA-DEL,Air India,MAA-DEL_20261005_AI_0805,T+15,Economy,9134.4,2283.6,11418
2026-09-20,2026-10-05,2026-09-20 19:00:08,OTA_EaseMyTrip,MAA-DEL,IndiGo,MAA-DEL_20261005_6E_0630,T+15,Economy,9298.4,2324.6,11623
2026-09-20,2026-10-05,2026-09-20 19:00:08,OTA_EaseMyTrip,MAA-DEL,Air India,MAA-DEL_20261005_AI_0655,T+15,Economy,9548.8,2387.2,11936
2026-09-20,2026-10-05,2026-09-20 19:00:08,OTA_EaseMyTrip,MAA-DEL,Air India Express,MAA-DEL_20261005_IX_2125,T+15,Economy,9668.8,2417.2,12086
2026-09-20,2026-10-05,2026-09-20 19:00:08,OTA_EaseMyTrip,MAA-DEL,Air India,MAA-DEL_20261005_AI_2125,T+15,Economy,9668.8,2417.2,12086
2026-09-20,2026-10-05,2026-09-20 19:00:08,OTA_EaseMyTrip,MAA-DEL,IndiGo,MAA-DEL_20261005_6E_1750,T+15,Economy,9698.4,2424.6,12123
2026-09-20,2026-10-05,2026-09-20 19:00:08,OTA_EaseMyTrip,MAA-DEL,IndiGo,MAA-DEL_20261005_6E_1645,T+15,Economy,9736.0,2434.0,12170
2026-09-20,2026-10-05,2026-09-20 19:00:08,OTA_EaseMyTrip,MAA-DEL,IndiGo,MAA-DEL_20261005_6E_0820,T+15,Economy,9866.4,2466.6,12333
2026-09-20,2026-10-05,2026-09-20 19:00:08,OTA_EaseMyTrip,MAA-DEL,Air India,MAA-DEL_20261005_AI_1630,T+15,Economy,9890.4,2472.6,12363
2026-09-20,2026-10-05,2026-09-20 19:00:08,OTA_EaseMyTrip,MAA-DEL,IndiGo,MAA-DEL_20261005_6E_1155,T+15,Economy,10503.2,2625.8,13129
2026-09-20,2026-10-05,2026-09-20 19:00:08,OTA_EaseMyTrip,MAA-DEL,Air India Express,MAA-DEL_20261005_IX_1630,T+15,Economy,10538.4,2634.6,13173
2026-09-20,2026-10-05,2026-09-20 19:00:08,OTA_EaseMyTrip,MAA-DEL,IndiGo,MAA-DEL_20261005_6E_0540,T+15,Economy,10688.8,2672.2,13361
2026-09-20,2026-10-05,2026-09-20 19:00:08,OTA_EaseMyTrip,MAA-DEL,Air India Express,MAA-DEL_20261005_IX_2205,T+15,Economy,10852.8,2713.2,13566
2026-09-20,2026-10-05,2026-09-20 19:00:08,OTA_EaseMyTrip,MAA-DEL,Air India,MAA-DEL_20261005_AI_2205,T+15,Economy,10852.8,2713.2,13566
2026-09-20,2026-10-05,2026-09-20 19:00:08,OTA_EaseMyTrip,MAA-DEL,Air India,MAA-DEL_20261005_AI_1345,T+15,Economy,12832.0,3208.0,16040
2026-09-20,2026-10-05,2026-09-20 19:00:08,OTA_EaseMyTrip,MAA-DEL,Air India Express,MAA-DEL_20261005_IX_0940,T+15,Economy,13400.0,3350.0,16750
2026-09-20,2026-10-05,2026-09-20 19:00:08,OTA_EaseMyTrip,MAA-DEL,Air India,MAA-DEL_20261005_AI_0940,T+15,Economy,13400.0,3350.0,16750
2026-09-20,2026-10-05,2026-09-20 19:00:08,OTA_EaseMyTrip,MAA-DEL,Air India,MAA-DEL_20261005_AI_1940,T+15,Economy,13597.6,3399.4,16997
2026-09-20,2026-10-05,2026-09-20 19:00:08,OTA_EaseMyTrip,MAA-DEL,Air India,MAA-DEL_20261005_AI_2105,T+15,Economy,15030.4,3757.6,18788
2026-09-20,2026-10-20,2026-09-20 19:00:51,OTA_EaseMyTrip,MAA-DEL,Air India Express,MAA-DEL_20261020_IX_2205,T+30,Economy,7320.0,1830.0,9150
2026-09-20,2026-10-20,2026-09-20 19:00:51,OTA_EaseMyTrip,MAA-DEL,Air India,MAA-DEL_20261020_AI_2205,T+30,Economy,7320.0,1830.0,9150
2026-09-20,2026-10-20,2026-09-20 19:00:51,OTA_EaseMyTrip,MAA-DEL,IndiGo,MAA-DEL_20261020_6E_1310,T+30,Economy,7654.4,1913.6,9568
2026-09-20,2026-10-20,2026-09-20 19:00:51,OTA_EaseMyTrip,MAA-DEL,IndiGo,MAA-DEL_20261020_6E_2125,T+30,Economy,7822.4,1955.6,9778
2026-09-20,2026-10-20,2026-09-20 19:00:51,OTA_EaseMyTrip,MAA-DEL,IndiGo,MAA-DEL_20261020_6E_1200,T+30,Economy,7822.4,1955.6,9778
2026-09-20,2026-10-20,2026-09-20 19:00:51,OTA_EaseMyTrip,MAA-DEL,IndiGo,MAA-DEL_20261020_6E_0355,T+30,Economy,7822.4,1955.6,9778
2026-09-20,2026-10-20,2026-09-20 19:00:51,OTA_EaseMyTrip,MAA-DEL,IndiGo,MAA-DEL_20261020_6E_0710,T+30,Economy,7822.4,1955.6,9778
2026-09-20,2026-10-20,2026-09-20 19:00:51,OTA_EaseMyTrip,MAA-DEL,IndiGo,MAA-DEL_20261020_6E_1015,T+30,Economy,7822.4,1955.6,9778
2026-09-20,2026-10-20,2026-09-20 19:00:51,OTA_EaseMyTrip,MAA-DEL,IndiGo,MAA-DEL_20261020_6E_0540,T+30,Economy,7822.4,1955.6,9778
2026-09-20,2026-10-20,2026-09-20 19:00:51,OTA_EaseMyTrip,MAA-DEL,IndiGo,MAA-DEL_20261020_6E_0930,T+30,Economy,7822.4,1955.6,9778
2026-09-20,2026-10-20,2026-09-20 19:00:51,OTA_EaseMyTrip,MAA-DEL,IndiGo,MAA-DEL_20261020_6E_1610,T+30,Economy,7822.4,1955.6,9778
2026-09-20,2026-10-20,2026-09-20 19:00:51,OTA_EaseMyTrip,MAA-DEL,IndiGo,MAA-DEL_20261020_6E_0955,T+30,Economy,7822.4,1955.6,9778
2026-09-20,2026-10-20,2026-09-20 19:00:51,OTA_EaseMyTrip,MAA-DEL,IndiGo,MAA-DEL_20261020_6E_1110,T+30,Economy,7822.4,1955.6,9778
2026-09-20,2026-10-20,2026-09-20 19:00:51,OTA_EaseMyTrip,MAA-DEL,IndiGo,MAA-DEL_20261020_6E_1750,T+30,Economy,7822.4,1955.6,9778
2026-09-20,2026-10-20,2026-09-20 19:00:51,OTA_EaseMyTrip,MAA-DEL,IndiGo,MAA-DEL_20261020_6E_1325,T+30,Economy,7822.4,1955.6,9778
2026-09-20,2026-10-20,2026-09-20 19:00:51,OTA_EaseMyTrip,MAA-DEL,IndiGo,MAA-DEL_20261020_6E_2000,T+30,Economy,7822.4,1955.6,9778
2026-09-20,2026-10-20,2026-09-20 19:00:51,OTA_EaseMyTrip,MAA-DEL,IndiGo,MAA-DEL_20261020_6E_0705,T+30,Economy,7832.8,1958.2,9791
2026-09-20,2026-10-20,2026-09-20 19:00:51,OTA_EaseMyTrip,MAA-DEL,IndiGo,MAA-DEL_20261020_6E_1055,T+30,Economy,7885.6,1971.4,9857
2026-09-20,2026-10-20,2026-09-20 19:00:51,OTA_EaseMyTrip,MAA-DEL,IndiGo,MAA-DEL_20261020_6E_1435,T+30,Economy,7885.6,1971.4,9857
2026-09-20,2026-10-20,2026-09-20 19:00:51,OTA_EaseMyTrip,MAA-DEL,IndiGo,MAA-DEL_20261020_6E_1745,T+30,Economy,7885.6,1971.4,9857
2026-09-20,2026-10-20,2026-09-20 19:00:51,OTA_EaseMyTrip,MAA-DEL,IndiGo,MAA-DEL_20261020_6E_1905,T+30,Economy,7885.6,1971.4,9857
2026-09-20,2026-10-20,2026-09-20 19:00:51,OTA_EaseMyTrip,MAA-DEL,IndiGo,MAA-DEL_20261020_6E_0855,T+30,Economy,7885.6,1971.4,9857
2026-09-20,2026-10-20,2026-09-20 19:00:51,OTA_EaseMyTrip,MAA-DEL,IndiGo,MAA-DEL_20261020_6E_1615,T+30,Economy,7885.6,1971.4,9857
2026-09-20,2026-10-20,2026-09-20 19:00:51,OTA_EaseMyTrip,MAA-DEL,IndiGo,MAA-DEL_20261020_6E_2235,T+30,Economy,7968.0,1992.0,9960
2026-09-20,2026-10-20,2026-09-20 19:00:51,OTA_EaseMyTrip,MAA-DEL,IndiGo,MAA-DEL_20261020_6E_1740,T+30,Economy,7990.4,1997.6,9988
2026-09-20,2026-10-20,2026-09-20 19:00:51,OTA_EaseMyTrip,MAA-DEL,IndiGo,MAA-DEL_20261020_6E_0900,T+30,Economy,7990.4,1997.6,9988
2026-09-20,2026-10-20,2026-09-20 19:00:51,OTA_EaseMyTrip,MAA-DEL,IndiGo,MAA-DEL_20261020_6E_1245,T+30,Economy,7990.4,1997.6,9988
2026-09-20,2026-10-20,2026-09-20 19:00:51,OTA_EaseMyTrip,MAA-DEL,IndiGo,MAA-DEL_20261020_6E_2150,T+30,Economy,8120.0,2030.0,10150
2026-09-20,2026-10-20,2026-09-20 19:00:51,OTA_EaseMyTrip,MAA-DEL,IndiGo,MAA-DEL_20261020_6E_0245,T+30,Economy,8120.0,2030.0,10150
2026-09-20,2026-10-20,2026-09-20 19:00:51,OTA_EaseMyTrip,MAA-DEL,IndiGo,MAA-DEL_20261020_6E_2345,T+30,Economy,8120.0,2030.0,10150
2026-09-20,2026-10-20,2026-09-20 19:00:51,OTA_EaseMyTrip,MAA-DEL,IndiGo,MAA-DEL_20261020_6E_1900,T+30,Economy,8120.0,2030.0,10150
2026-09-20,2026-10-20,2026-09-20 19:00:51,OTA_EaseMyTrip,MAA-DEL,IndiGo,MAA-DEL_20261020_6E_0915,T+30,Economy,8120.0,2030.0,10150
2026-09-20,2026-10-20,2026-09-20 19:00:51,OTA_EaseMyTrip,MAA-DEL,IndiGo,MAA-DEL_20261020_6E_0630,T+30,Economy,8120.0,2030.0,10150
2026-09-20,2026-10-20,2026-09-20 19:00:51,OTA_EaseMyTrip,MAA-DEL,IndiGo,MAA-DEL_20261020_6E_1300,T+30,Economy,8120.0,2030.0,10150
2026-09-20,2026-10-20,2026-09-20 19:00:51,OTA_EaseMyTrip,MAA-DEL,Air India,MAA-DEL_20261020_AI_2010,T+30,Economy,8370.4,2092.6,10463
2026-09-20,2026-10-20,2026-09-20 19:00:51,OTA_EaseMyTrip,MAA-DEL,Air India,MAA-DEL_20261020_AI_0655,T+30,Economy,8370.4,2092.6,10463
2026-09-20,2026-10-20,2026-09-20 19:00:51,OTA_EaseMyTrip,MAA-DEL,Air India,MAA-DEL_20261020_AI_0950,T+30,Economy,8370.4,2092.6,10463
2026-09-20,2026-10-20,2026-09-20 19:00:51,OTA_EaseMyTrip,MAA-DEL,Air India,MAA-DEL_20261020_AI_0805,T+30,Economy,8370.4,2092.6,10463
2026-09-20,2026-10-20,2026-09-20 19:00:51,OTA_EaseMyTrip,MAA-DEL,Air India,MAA-DEL_20261020_AI_1100,T+30,Economy,8370.4,2092.6,10463
2026-09-20,2026-10-20,2026-09-20 19:00:51,OTA_EaseMyTrip,MAA-DEL,Air India,MAA-DEL_20261020_AI_2140,T+30,Economy,8370.4,2092.6,10463
2026-09-20,2026-10-20,2026-09-20 19:00:51,OTA_EaseMyTrip,MAA-DEL,IndiGo,MAA-DEL_20261020_6E_1155,T+30,Economy,8428.0,2107.0,10535
2026-09-20,2026-10-20,2026-09-20 19:00:51,OTA_EaseMyTrip,MAA-DEL,IndiGo,MAA-DEL_20261020_6E_1645,T+30,Economy,8492.0,2123.0,10615
2026-09-20,2026-10-20,2026-09-20 19:00:51,OTA_EaseMyTrip,MAA-DEL,IndiGo,MAA-DEL_20261020_6E_1430,T+30,Economy,8492.0,2123.0,10615
2026-09-20,2026-10-20,2026-09-20 19:00:51,OTA_EaseMyTrip,MAA-DEL,IndiGo,MAA-DEL_20261020_6E_1700,T+30,Economy,9260.8,2315.2,11576
2026-09-20,2026-10-20,2026-09-20 19:00:51,OTA_EaseMyTrip,MAA-DEL,Air India,MAA-DEL_20261020_AI_1620,T+30,Economy,9367.2,2341.8,11709
2026-09-20,2026-10-20,2026-09-20 19:00:51,OTA_EaseMyTrip,MAA-DEL,IndiGo,MAA-DEL_20261020_6E_0810,T+30,Economy,9768.8,2442.2,12211
2026-09-20,2026-10-20,2026-09-20 19:00:51,OTA_EaseMyTrip,MAA-DEL,IndiGo,MAA-DEL_20261020_6E_1230,T+30,Economy,9773.6,2443.4,12217
2026-09-20,2026-10-20,2026-09-20 19:00:51,OTA_EaseMyTrip,MAA-DEL,IndiGo,MAA-DEL_20261020_6E_0905,T+30,Economy,9821.6,2455.4,12277
2026-09-20,2026-10-20,2026-09-20 19:00:51,OTA_EaseMyTrip,MAA-DEL,Air India Express,MAA-DEL_20261020_IX_2125,T+30,Economy,10189.6,2547.4,12737
2026-09-20,2026-10-20,2026-09-20 19:00:51,OTA_EaseMyTrip,MAA-DEL,Air India,MAA-DEL_20261020_AI_2125,T+30,Economy,10189.6,2547.4,12737
2026-09-20,2026-10-20,2026-09-20 19:00:51,OTA_EaseMyTrip,MAA-DEL,Air India Express,MAA-DEL_20261020_IX_1045,T+30,Economy,10538.4,2634.6,13173
2026-09-20,2026-10-20,2026-09-20 19:00:51,OTA_EaseMyTrip,MAA-DEL,Air India Express,MAA-DEL_20261020_IX_0855,T+30,Economy,10538.4,2634.6,13173
2026-09-20,2026-10-20,2026-09-20 19:00:51,OTA_EaseMyTrip,MAA-DEL,Air India Express,MAA-DEL_20261020_IX_0725,T+30,Economy,10538.4,2634.6,13173
2026-09-20,2026-10-20,2026-09-20 19:00:51,OTA_EaseMyTrip,MAA-DEL,Air India Express,MAA-DEL_20261020_IX_0630,T+30,Economy,10538.4,2634.6,13173
2026-09-20,2026-10-20,2026-09-20 19:00:51,OTA_EaseMyTrip,MAA-DEL,Air India,MAA-DEL_20261020_AI_1045,T+30,Economy,10538.4,2634.6,13173
2026-09-20,2026-10-20,2026-09-20 19:00:51,OTA_EaseMyTrip,MAA-DEL,Air India,MAA-DEL_20261020_AI_0855,T+30,Economy,10538.4,2634.6,13173
2026-09-20,2026-10-20,2026-09-20 19:00:51,OTA_EaseMyTrip,MAA-DEL,Air India,MAA-DEL_20261020_AI_0725,T+30,Economy,10538.4,2634.6,13173
2026-09-20,2026-10-20,2026-09-20 19:00:51,OTA_EaseMyTrip,MAA-DEL,Air India,MAA-DEL_20261020_AI_0630,T+30,Economy,10538.4,2634.6,13173
2026-09-20,2026-10-20,2026-09-20 19:00:51,OTA_EaseMyTrip,MAA-DEL,IndiGo,MAA-DEL_20261020_6E_0230,T+30,Economy,10782.4,2695.6,13478
2026-09-20,2026-10-20,2026-09-20 19:00:51,OTA_EaseMyTrip,MAA-DEL,Air India,MAA-DEL_20261020_AI_1630,T+30,Economy,10882.4,2720.6,13603
2026-09-20,2026-10-20,2026-09-20 19:00:51,OTA_EaseMyTrip,MAA-DEL,IndiGo,MAA-DEL_20261020_6E_2200,T+30,Economy,11376.8,2844.2,14221
2026-09-20,2026-10-20,2026-09-20 19:00:51,OTA_EaseMyTrip,MAA-DEL,IndiGo,MAA-DEL_20261020_6E_1125,T+30,Economy,11498.4,2874.6,14373
2026-09-20,2026-10-20,2026-09-20 19:00:51,OTA_EaseMyTrip,MAA-DEL,Air India,MAA-DEL_20261020_AI_1345,T+30,Economy,11851.2,2962.8,14814
2026-09-20,2026-10-20,2026-09-20 19:00:51,OTA_EaseMyTrip,MAA-DEL,IndiGo,MAA-DEL_20261020_6E_2220,T+30,Economy,11879.2,2969.8,14849
2026-09-20,2026-10-20,2026-09-20 19:00:51,OTA_EaseMyTrip,MAA-DEL,Air India Express,MAA-DEL_20261020_IX_1440,T+30,Economy,16624.0,4156.0,20780
2026-09-20,2026-10-20,2026-09-20 19:00:51,OTA_EaseMyTrip,MAA-DEL,Air India,MAA-DEL_20261020_AI_1440,T+30,Economy,16624.0,4156.0,20780
2026-09-20,2026-10-20,2026-09-20 19:00:51,OTA_EaseMyTrip,MAA-DEL,IndiGo,MAA-DEL_20261020_6E_2320,T+30,Economy,16808.0,4202.0,21010
2026-09-20,2026-10-20,2026-09-20 19:00:51,OTA_EaseMyTrip,MAA-DEL,Air India Express,MAA-DEL_20261020_IX_0940,T+30,Economy,17183.2,4295.8,21479
2026-09-20,2026-10-20,2026-09-20 19:00:51,OTA_EaseMyTrip,MAA-DEL,Air India,MAA-DEL_20261020_AI_0940,T+30,Economy,17183.2,4295.8,21479
2026-09-20,2026-10-20,2026-09-20 19:00:51,OTA_EaseMyTrip,MAA-DEL,Air India,MAA-DEL_20261020_AI_1940,T+30,Economy,18678.4,4669.6,23348
2026-09-20,2026-10-20,2026-09-20 19:00:51,OTA_EaseMyTrip,MAA-DEL,IndiGo,MAA-DEL_20261020_6E_0820,T+30,Economy,20500.0,5125.0,25625
