Observation_Date,Origin_Destination,Advance_Purchase_Window,Total_Flights_Tracked,Minimum_Fare_INR,Average_Fare_INR,Median_Fare_INR,MoSPI_Base_Fare,Airfare_CPI_Index,Inflation_Percentage
2026-09-21,BLR-DEL,T+1,111,8364,11394.31,8820.0,8820.0,100.0,0.0
2026-09-21,BLR-DEL,T+7,117,8364,11035.38,10039.0,10039.0,100.0,0.0
2026-09-21,BLR-DEL,T+15,124,8170,9945.93,8677.0,8677.0,100.0,0.0
2026-09-21,BLR-DEL,T+30,125,8427,11869.01,10083.0,10083.0,100.0,0.0
2026-09-21,BLR-DEL,T+45,147,10118,19068.47,17755.0,17755.0,100.0,0.0
2026-09-21,BOM-BLR,T+1,92,5545,11742.54,10472.0,10472.0,100.0,0.0
2026-09-21,BOM-BLR,T+7,111,5050,9820.03,7832.0,7832.0,100.0,0.0
2026-09-21,BOM-BLR,T+15,116,4844,8619.91,7568.0,7568.0,100.0,0.0
2026-09-21,BOM-BLR,T+30,124,4844,10867.73,8280.5,8280.5,100.0,0.0
2026-09-21,BOM-BLR,T+45,114,7046,13784.14,9868.5,9868.5,100.0,0.0
2026-09-21,BOM-DEL,T+1,96,5700,11739.88,9568.0,9568.0,100.0,0.0
2026-09-21,BOM-DEL,T+7,127,6105,9292.24,6996.0,6996.0,100.0,0.0
2026-09-21,BOM-DEL,T+15,104,5871,7943.55,6562.0,6562.0,100.0,0.0
2026-09-21,BOM-DEL,T+30,140,6105,9846.78,7524.5,7524.5,100.0,0.0
2026-09-21,BOM-DEL,T+45,132,7486,17205.49,17167.5,17167.5,100.0,0.0
2026-09-21,DEL-BLR,T+1,121,8360,12447.55,10786.0,10786.0,100.0,0.0
2026-09-21,DEL-BLR,T+7,141,8828,11634.52,10077.0,10077.0,100.0,0.0
2026-09-21,DEL-BLR,T+15,143,8172,10109.68,9161.0,9161.0,100.0,0.0
2026-09-21,DEL-BLR,T+30,145,8867,13539.75,11139.0,11139.0,100.0,0.0
2026-09-21,DEL-BLR,T+45,132,9327,13133.9,10826.0,10826.0,100.0,0.0
2026-09-21,DEL-BOM,T+1,126,5925,10375.86,8821.0,8821.0,100.0,0.0
2026-09-21,DEL-BOM,T+15,135,6090,8279.9,6843.0,6843.0,100.0,0.0
2026-09-21,DEL-BOM,T+30,144,6245,9848.67,7516.0,7516.0,100.0,0.0
2026-09-21,DEL-BOM,T+45,141,6508,10295.54,7615.0,7615.0,100.0,0.0
2026-09-21,DEL-CCU,T+1,70,7500,12469.74,9397.0,9397.0,100.0,0.0
2026-09-21,DEL-CCU,T+7,84,7376,10910.73,9032.0,9032.0,100.0,0.0
2026-09-21,DEL-CCU,T+15,90,7368,11273.56,8922.0,8922.0,100.0,0.0
2026-09-21,DEL-CCU,T+30,88,8535,14683.81,14336.5,14336.5,100.0,0.0
2026-09-21,DEL-CCU,T+45,88,8245,17323.01,14721.0,14721.0,100.0,0.0
2026-09-21,MAA-DEL,T+1,69,9829,13117.3,11629.0,11629.0,100.0,0.0
2026-09-21,MAA-DEL,T+7,73,9778,11904.79,10463.0,10463.0,100.0,0.0
2026-09-21,MAA-DEL,T+15,77,8351,10845.17,10150.0,10150.0,100.0,0.0
2026-09-21,MAA-DEL,T+30,72,9778,12344.68,10463.0,10463.0,100.0,0.0
2026-09-21,MAA-DEL,T+45,73,9778,16516.4,17249.0,17249.0,100.0,0.0
2026-09-22,BLR-DEL,T+1,115,8170,11997.1,10680.0,8820.0,121.09,21.09
2026-09-22,BLR-DEL,T+7,121,8364,10445.26,9908.0,10039.0,98.7,-1.3
2026-09-22,BLR-DEL,T+15,125,8092,10788.32,8677.0,8677.0,100.0,0.0
2026-09-22,BLR-DEL,T+30,136,8727,12128.69,10197.0,10083.0,101.13,1.13
2026-09-22,BLR-DEL,T+45,150,12648,21004.04,20278.0,17755.0,114.21,14.21
2026-09-22,BOM-BLR,T+1,93,5252,11921.82,10569.0,10472.0,100.93,0.93
2026-09-22,BOM-BLR,T+7,101,4844,8855.25,7584.0,7832.0,96.83,-3.17
2026-09-22,BOM-BLR,T+15,120,4844,8403.32,7452.5,7568.0,98.47,-1.53
2026-09-22,BOM-BLR,T+30,106,4844,9293.03,7715.0,8280.5,93.17,-6.83
2026-09-22,BOM-BLR,T+45,113,7243,15451.87,11327.0,9868.5,114.78,14.78
2026-09-22,BOM-DEL,T+1,121,6105,11777.89,10695.0,9568.0,111.78,11.78
2026-09-22,BOM-DEL,T+7,128,5700,8593.74,6930.0,6996.0,99.06,-0.94
2026-09-22,BOM-DEL,T+15,111,5645,7950.14,6562.0,6562.0,100.0,0.0
2026-09-22,BOM-DEL,T+30,139,6057,9993.78,7801.0,7524.5,103.67,3.67
2026-09-22,BOM-DEL,T+45,135,10240,19762.1,18555.0,17167.5,108.08,8.08
2026-09-22,DEL-BLR,T+1,127,8491,13524.6,11097.0,10786.0,102.88,2.88
2026-09-22,DEL-BLR,T+7,134,8459,11281.45,10077.0,10077.0,100.0,0.0
2026-09-22,DEL-BLR,T+15,139,8295,10409.12,9161.0,9161.0,100.0,0.0
2026-09-22,DEL-BLR,T+30,150,8459,12851.41,10720.0,11139.0,96.24,-3.76
2026-09-22,DEL-BLR,T+45,133,8954,14446.17,12265.0,10826.0,113.29,13.29
2026-09-22,DEL-BOM,T+1,102,6090,11218.75,10116.0,8821.0,114.68,14.68
2026-09-22,DEL-BOM,T+7,126,6529,9008.99,7001.0,7001.0,100.0,0.0
2026-09-22,DEL-BOM,T+15,147,6090,9364.69,7001.0,6843.0,102.31,2.31
2026-09-22,DEL-BOM,T+30,138,6442,9267.46,7458.5,7516.0,99.23,-0.77
2026-09-22,DEL-BOM,T+45,144,6508,12075.38,9360.0,7615.0,122.92,22.92
2026-09-22,DEL-CCU,T+1,67,7500,13208.52,10250.0,9397.0,109.08,9.08
2026-09-22,DEL-CCU,T+7,77,7376,10290.42,8922.0,9032.0,98.78,-1.22
2026-09-22,DEL-CCU,T+15,83,7368,11220.07,8922.0,8922.0,100.0,0.0
2026-09-22,DEL-CCU,T+30,95,9339,15895.77,14444.0,14336.5,100.75,0.75
2026-09-22,DEL-CCU,T+45,93,9702,19858.9,17577.0,14721.0,119.4,19.4
2026-09-22,MAA-DEL,T+1,69,8861,13800.07,12123.0,11629.0,104.25,4.25
2026-09-22,MAA-DEL,T+7,70,8861,11443.64,10036.0,10463.0,95.92,-4.08
2026-09-22,MAA-DEL,T+15,71,8224,10256.04,9297.0,10150.0,91.6,-8.4
2026-09-22,MAA-DEL,T+30,72,8561,12155.51,10951.0,10463.0,104.66,4.66
2026-09-22,MAA-DEL,T+45,71,11445,18925.08,19365.0,17249.0,112.27,12.27
2026-09-23,BLR-DEL,T+1,109,8380,13468.71,12273.0,8820.0,139.15,39.15
2026-09-23,BLR-DEL,T+7,123,8364,11144.19,10039.0,10039.0,100.0,0.0
2026-09-23,BLR-DEL,T+15,135,8170,11849.89,9825.0,8677.0,113.23,13.23
2026-09-23,BLR-DEL,T+30,124,9128,12077.56,10316.0,10083.0,102.31,2.31
2026-09-23,BLR-DEL,T+45,147,10090,19387.29,17869.0,17755.0,100.64,0.64
2026-09-23,BOM-BLR,T+1,103,4844,10915.24,9096.0,10472.0,86.86,-13.14
2026-09-23,BOM-BLR,T+7,104,4844,8617.62,7584.0,7832.0,96.83,-3.17
2026-09-23,BOM-BLR,T+15,109,4844,7974.02,7154.0,7568.0,94.53,-5.47
2026-09-23,BOM-BLR,T+30,121,4844,10356.56,7856.0,8280.5,94.87,-5.13
2026-09-23,BOM-BLR,T+45,112,7062,15059.81,11970.5,9868.5,121.3,21.3
2026-09-23,BOM-DEL,T+1,122,5980,13383.46,13088.0,9568.0,136.79,36.79
2026-09-23,BOM-DEL,T+7,116,6105,9233.53,7549.0,6996.0,107.9,7.9
2026-09-23,BOM-DEL,T+15,132,5870,8370.3,6894.0,6562.0,105.06,5.06
2026-09-23,BOM-DEL,T+30,142,6105,10053.13,7807.5,7524.5,103.76,3.76
2026-09-23,BOM-DEL,T+45,135,8152,17323.88,17032.0,17167.5,99.21,-0.79
2026-09-23,DEL-BLR,T+1,128,8412,12069.35,10285.0,10786.0,95.36,-4.64
2026-09-23,DEL-BLR,T+7,138,8459,11676.36,10120.0,10077.0,100.43,0.43
2026-09-23,DEL-BLR,T+15,146,8295,9726.03,8960.0,9161.0,97.81,-2.19
2026-09-23,DEL-BLR,T+30,148,9164,13473.97,11601.5,11139.0,104.15,4.15
2026-09-23,DEL-BLR,T+45,132,9327,13892.95,12359.0,10826.0,114.16,14.16
2026-09-23,DEL-BOM,T+1,127,6090,9780.51,7463.0,8821.0,84.6,-15.4
2026-09-23,DEL-BOM,T+7,124,6442,10277.95,7211.0,7211.0,100.0,0.0
2026-09-23,DEL-BOM,T+15,149,6090,8949.74,6898.0,6843.0,100.8,0.8
2026-09-23,DEL-BOM,T+30,108,6442,10078.88,7450.5,7516.0,99.13,-0.87
2026-09-23,DEL-BOM,T+45,152,6508,11974.61,8805.0,7615.0,115.63,15.63
2026-09-23,DEL-CCU,T+1,89,7368,14046.12,10412.0,9397.0,110.8,10.8
2026-09-23,DEL-CCU,T+7,95,7376,12195.67,9620.0,9032.0,106.51,6.51
2026-09-23,DEL-CCU,T+15,103,7368,12858.62,9782.0,8922.0,109.64,9.64
2026-09-23,DEL-CCU,T+30,103,8535,16579.38,15495.0,14336.5,108.08,8.08
2026-09-23,DEL-CCU,T+45,102,9813,18133.53,17195.5,14721.0,116.81,16.81
2026-09-23,MAA-DEL,T+1,71,10084,15872.42,13393.0,11629.0,115.17,15.17
2026-09-23,MAA-DEL,T+7,65,8861,10896.18,9988.0,10463.0,95.46,-4.54
2026-09-23,MAA-DEL,T+15,75,8014,11521.2,10454.0,10150.0,103.0,3.0
2026-09-23,MAA-DEL,T+30,76,9262,12904.74,11287.0,10463.0,107.88,7.88
2026-09-23,MAA-DEL,T+45,68,9988,16785.4,16114.0,17249.0,93.42,-6.58
2026-09-24,BLR-DEL,T+1,124,8427,13960.55,12909.5,8820.0,146.37,46.37
2026-09-24,BLR-DEL,T+7,137,8427,13130.2,11599.0,10039.0,115.54,15.54
2026-09-24,BLR-DEL,T+15,127,9128,13948.57,12438.0,8677.0,143.34,43.34
2026-09-24,BLR-DEL,T+30,136,8563,12505.88,10193.0,10083.0,101.09,1.09
2026-09-24,BLR-DEL,T+45,146,8888,13281.25,10917.0,17755.0,61.49,-38.51
2026-09-24,BOM-BLR,T+1,102,5261,10170.07,8798.0,10472.0,84.01,-15.99
2026-09-24,BOM-BLR,T+7,106,5252,10868.43,8798.0,7832.0,112.33,12.33
2026-09-24,BOM-BLR,T+15,122,4844,9535.72,7856.0,7568.0,103.81,3.81
2026-09-24,BOM-BLR,T+30,120,5022,11745.71,9057.0,8280.5,109.38,9.38
2026-09-24,BOM-BLR,T+45,129,6113,12261.17,10107.0,9868.5,102.42,2.42
2026-09-24,BOM-DEL,T+1,129,6115,11197.84,9395.0,9568.0,98.19,-1.81
2026-09-24,BOM-DEL,T+7,134,6105,10562.13,9320.0,6996.0,133.22,33.22
2026-09-24,BOM-DEL,T+15,139,5871,9124.44,7260.0,6562.0,110.64,10.64
2026-09-24,BOM-DEL,T+30,142,6057,10236.5,7478.5,7524.5,99.39,-0.61
2026-09-24,BOM-DEL,T+45,154,6870,12533.16,10676.5,17167.5,62.19,-37.81
2026-09-24,DEL-BLR,T+1,136,8459,13042.98,10833.5,10786.0,100.44,0.44
2026-09-24,DEL-BLR,T+7,148,8459,11591.89,10156.0,10077.0,100.78,0.78
2026-09-24,DEL-BLR,T+15,142,8459,10616.29,10011.5,9161.0,109.28,9.28
2026-09-24,DEL-BLR,T+30,156,9168,14946.52,13271.0,11139.0,119.14,19.14
2026-09-24,DEL-BLR,T+45,140,9327,12399.83,11342.0,10826.0,104.77,4.77
2026-09-24,DEL-BOM,T+1,126,6529,11051.94,9393.0,8821.0,106.48,6.48
2026-09-24,DEL-BOM,T+7,137,6442,9486.07,7788.0,7788.0,100.0,0.0
2026-09-24,DEL-BOM,T+15,141,6442,8909.79,7159.0,6843.0,104.62,4.62
2026-09-24,DEL-BOM,T+30,152,6157,11404.72,7462.0,7516.0,99.28,-0.72
2026-09-24,DEL-BOM,T+45,146,6157,10379.14,8393.5,7615.0,110.22,10.22
2026-09-24,DEL-CCU,T+1,84,7586,12270.56,9631.5,9397.0,102.5,2.5
2026-09-24,DEL-CCU,T+7,104,7376,12279.51,10458.5,9032.0,115.79,15.79
2026-09-24,DEL-CCU,T+15,94,7376,13354.95,12331.0,8922.0,138.21,38.21
2026-09-24,DEL-CCU,T+30,105,9177,19464.7,18057.0,14336.5,125.95,25.95
2026-09-24,DEL-CCU,T+45,94,8194,12930.96,11522.0,14721.0,78.27,-21.73
2026-09-24,MAA-DEL,T+1,68,11366,15809.9,13973.0,11629.0,120.16,20.16
2026-09-24,MAA-DEL,T+7,78,9052,12575.27,11418.0,10463.0,109.13,9.13
2026-09-24,MAA-DEL,T+15,79,8351,13221.68,11709.0,10150.0,115.36,15.36
2026-09-24,MAA-DEL,T+30,82,8861,12896.85,11287.0,10463.0,107.88,7.88
2026-09-24,MAA-DEL,T+45,73,9568,12232.58,10621.0,17249.0,61.57,-38.43
2026-09-25,BLR-DEL,T+1,110,8427,13877.52,12753.0,8820.0,144.59,44.59
2026-09-25,BLR-DEL,T+7,116,8364,12146.18,10313.0,10039.0,102.73,2.73
2026-09-25,BLR-DEL,T+15,120,9973,15215.92,13758.0,8677.0,158.56,58.56
2026-09-25,BLR-DEL,T+30,145,9089,13459.1,10989.0,10083.0,108.99,8.99
2026-09-25,BLR-DEL,T+45,153,9120,12617.85,10329.0,17755.0,58.18,-41.82
2026-09-25,BOM-BLR,T+1,92,5208,10779.99,8215.0,10472.0,78.45,-21.55
2026-09-25,BOM-BLR,T+7,101,5082,10084.21,7969.0,7832.0,101.75,1.75
2026-09-25,BOM-BLR,T+15,96,4844,9639.9,7715.0,7568.0,101.94,1.94
2026-09-25,BOM-BLR,T+30,104,6261,12151.93,10372.5,8280.5,125.26,25.26
2026-09-25,BOM-BLR,T+45,110,7234,12149.19,11030.5,9868.5,111.77,11.77
2026-09-25,BOM-DEL,T+1,110,6452,10312.54,7368.0,9568.0,77.01,-22.99
2026-09-25,BOM-DEL,T+7,134,6452,9906.31,7689.5,6996.0,109.91,9.91
2026-09-25,BOM-DEL,T+15,130,6115,9349.38,6994.0,6562.0,106.58,6.58
2026-09-25,BOM-DEL,T+30,134,6373,10788.51,8018.0,7524.5,106.56,6.56
2026-09-25,BOM-DEL,T+45,110,6832,11731.99,9886.0,17167.5,57.59,-42.41
2026-09-25,DEL-BLR,T+1,129,8459,12752.16,10817.0,10786.0,100.29,0.29
2026-09-25,DEL-BLR,T+7,143,8459,11967.81,10156.0,10077.0,100.78,0.78
2026-09-25,DEL-BLR,T+15,146,8699,11355.8,10120.0,9161.0,110.47,10.47
2026-09-25,DEL-BLR,T+30,135,9567,16858.97,14579.0,11139.0,130.88,30.88
2026-09-25,DEL-BLR,T+45,136,9475,13490.63,12727.5,10826.0,117.56,17.56
2026-09-25,DEL-BOM,T+1,115,6442,9968.41,7473.0,8821.0,84.72,-15.28
2026-09-25,DEL-BOM,T+7,131,6442,9654.86,7012.0,7012.0,100.0,0.0
2026-09-25,DEL-BOM,T+15,121,6427,8160.68,6843.0,6843.0,100.0,0.0
2026-09-25,DEL-BOM,T+30,149,6244,11558.43,7730.0,7516.0,102.85,2.85
2026-09-25,DEL-BOM,T+45,154,6244,10685.61,8840.0,7615.0,116.09,16.09
2026-09-25,DEL-CCU,T+1,77,7376,12494.36,10251.0,9397.0,109.09,9.09
2026-09-25,DEL-CCU,T+7,96,7376,11508.18,9863.0,9032.0,109.2,9.2
2026-09-25,DEL-CCU,T+15,94,8245,13600.33,12649.5,8922.0,141.78,41.78
2026-09-25,DEL-CCU,T+30,96,9230,22864.17,22435.5,14336.5,156.49,56.49
2026-09-25,DEL-CCU,T+45,95,7376,13565.99,11845.0,14721.0,80.46,-19.54
2026-09-25,MAA-DEL,T+1,63,10729,14793.06,13844.0,11629.0,119.05,19.05
2026-09-25,MAA-DEL,T+7,70,8861,11038.24,9988.0,10463.0,95.46,-4.54
2026-09-25,MAA-DEL,T+15,75,9778,13229.83,12067.0,10150.0,118.89,18.89
2026-09-25,MAA-DEL,T+30,72,9262,13667.93,11919.0,10463.0,113.92,13.92
2026-09-25,MAA-DEL,T+45,69,9568,11430.58,10150.0,17249.0,58.84,-41.16
2026-09-26,BLR-DEL,T+1,115,8364,13427.21,11280.0,8820.0,127.89,27.89
2026-09-26,BLR-DEL,T+7,121,8170,11183.22,8686.0,10039.0,86.52,-13.48
2026-09-26,BLR-DEL,T+15,120,9345,14269.06,12458.0,8677.0,143.57,43.57
2026-09-26,BLR-DEL,T+30,148,8727,12350.64,10118.0,10083.0,100.35,0.35
2026-09-26,BLR-DEL,T+45,148,9152,12778.63,10399.5,17755.0,58.57,-41.43
2026-09-26,BOM-BLR,T+1,90,5954,13037.99,10899.0,10472.0,104.08,4.08
2026-09-26,BOM-BLR,T+7,91,5050,9216.99,7274.0,7832.0,92.88,-7.12
2026-09-26,BOM-BLR,T+15,91,4844,8949.41,7692.0,7568.0,101.64,1.64
2026-09-26,BOM-BLR,T+30,106,5252,9641.31,7692.0,8280.5,92.89,-7.11
2026-09-26,BOM-BLR,T+45,107,7234,12013.21,10107.0,9868.5,102.42,2.42
2026-09-26,BOM-DEL,T+1,124,6472,11192.44,7933.5,9568.0,82.92,-17.08
2026-09-26,BOM-DEL,T+7,131,5894,8947.05,6875.0,6996.0,98.27,-1.73
2026-09-26,BOM-DEL,T+15,136,6115,9358.99,6930.0,6562.0,105.61,5.61
2026-09-26,BOM-DEL,T+30,136,6105,9588.15,7499.0,7524.5,99.66,-0.34
2026-09-26,BOM-DEL,T+45,136,6832,11536.26,9206.0,17167.5,53.62,-46.38
2026-09-26,DEL-BLR,T+1,138,8867,16020.72,15188.5,10786.0,140.82,40.82
2026-09-26,DEL-BLR,T+7,142,8360,11251.18,9432.5,10077.0,93.6,-6.4
2026-09-26,DEL-BLR,T+15,136,8657,11300.6,10156.0,9161.0,110.86,10.86
2026-09-26,DEL-BLR,T+30,139,9539,14416.18,11856.0,11139.0,106.44,6.44
2026-09-26,DEL-BLR,T+45,135,9867,15135.3,14109.0,10826.0,130.33,30.33
2026-09-26,DEL-BOM,T+1,126,6529,13842.35,10180.5,8821.0,115.41,15.41
2026-09-26,DEL-BOM,T+7,119,6090,8869.72,6843.0,6843.0,100.0,0.0
2026-09-26,DEL-BOM,T+15,132,6427,9064.86,6960.0,6843.0,101.71,1.71
2026-09-26,DEL-BOM,T+30,141,5817,9195.24,7332.0,7516.0,97.55,-2.45
2026-09-26,DEL-BOM,T+45,143,6915,11655.35,10388.0,7615.0,136.41,36.41
2026-09-26,DEL-CCU,T+1,83,7586,14904.35,12436.0,9397.0,132.34,32.34
2026-09-26,DEL-CCU,T+7,100,7368,11209.63,9500.0,9032.0,105.18,5.18
2026-09-26,DEL-CCU,T+15,103,7586,13843.92,12646.0,8922.0,141.74,41.74
2026-09-26,DEL-CCU,T+30,96,8299,18940.28,18057.0,14336.5,125.95,25.95
2026-09-26,DEL-CCU,T+45,91,7376,14219.02,12609.0,14721.0,85.65,-14.35
2026-09-26,MAA-DEL,T+1,69,9778,16005.3,15270.0,11629.0,131.31,31.31
2026-09-26,MAA-DEL,T+7,71,8864,11466.89,10454.0,10463.0,99.91,-0.09
2026-09-26,MAA-DEL,T+15,73,8861,12691.44,10899.0,10150.0,107.38,7.38
2026-09-26,MAA-DEL,T+30,73,9568,12303.3,10150.0,10463.0,97.01,-2.99
2026-09-26,MAA-DEL,T+45,73,9568,11999.93,10615.0,17249.0,61.54,-38.46
2026-09-27,BLR-DEL,T+1,120,8364,13115.9,10878.5,8820.0,123.34,23.34
2026-09-27,BLR-DEL,T+7,119,8364,13843.18,11028.0,10039.0,109.85,9.85
2026-09-27,BLR-DEL,T+15,126,8364,12414.25,10249.0,8677.0,118.12,18.12
2026-09-27,BLR-DEL,T+30,148,8727,11321.88,10061.0,10083.0,99.78,-0.22
2026-09-27,BLR-DEL,T+45,145,8563,12823.26,10118.0,17755.0,56.99,-43.01
2026-09-27,BOM-BLR,T+1,92,5586,11181.04,9978.0,10472.0,95.28,-4.72
2026-09-27,BOM-BLR,T+7,103,5848,13634.31,11731.0,7832.0,149.78,49.78
2026-09-27,BOM-BLR,T+15,101,4844,9409.65,7715.0,7568.0,101.94,1.94
2026-09-27,BOM-BLR,T+30,108,5252,9476.29,7853.0,8280.5,94.84,-5.16
2026-09-27,BOM-BLR,T+45,107,6903,12216.01,10737.0,9868.5,108.8,8.8
2026-09-27,BOM-DEL,T+1,124,6105,10940.52,7854.0,9568.0,82.09,-17.91
2026-09-27,BOM-DEL,T+7,138,6452,11413.8,9581.5,6996.0,136.96,36.96
2026-09-27,BOM-DEL,T+15,133,6105,8878.82,6989.0,6562.0,106.51,6.51
2026-09-27,BOM-DEL,T+30,132,6105,9271.14,7499.0,7524.5,99.66,-0.34
2026-09-27,BOM-DEL,T+45,130,6832,11651.78,9462.0,17167.5,55.12,-44.88
2026-09-27,DEL-BLR,T+1,133,8459,13145.44,10908.0,10786.0,101.13,1.13
2026-09-27,DEL-BLR,T+7,138,8867,17017.09,14423.5,10077.0,143.13,43.13
2026-09-27,DEL-BLR,T+15,142,8459,10733.37,10077.0,9161.0,110.0,10.0
2026-09-27,DEL-BLR,T+30,128,9168,12211.27,10194.0,11139.0,91.52,-8.48
2026-09-27,DEL-BLR,T+45,131,9867,15654.24,15393.0,10826.0,142.19,42.19
2026-09-27,DEL-BOM,T+1,121,6529,11862.42,10314.0,8821.0,116.93,16.93
2026-09-27,DEL-BOM,T+7,132,6529,13965.59,12868.5,12868.5,100.0,0.0
2026-09-27,DEL-BOM,T+15,134,6427,8794.54,7001.0,6843.0,102.31,2.31
2026-09-27,DEL-BOM,T+30,138,6244,8753.2,7332.0,7516.0,97.55,-2.45
2026-09-27,DEL-BOM,T+45,143,7075,12429.28,10468.0,7615.0,137.47,37.47
2026-09-27,DEL-CCU,T+1,75,7376,12797.16,10325.0,9397.0,109.88,9.88
2026-09-27,DEL-CCU,T+7,97,7376,14211.93,10615.0,9032.0,117.53,17.53
2026-09-27,DEL-CCU,T+15,98,8119,13145.48,9893.0,8922.0,110.88,10.88
2026-09-27,DEL-CCU,T+30,99,7927,15247.7,15586.0,14336.5,108.72,8.72
2026-09-27,DEL-CCU,T+45,95,7586,14773.73,13130.0,14721.0,89.19,-10.81
2026-09-27,MAA-DEL,T+1,69,8861,13479.93,11830.0,11629.0,101.73,1.73
2026-09-27,MAA-DEL,T+7,75,9778,14046.28,12363.0,10463.0,118.16,18.16
2026-09-27,MAA-DEL,T+15,76,8561,11765.14,10150.0,10150.0,100.0,0.0
2026-09-27,MAA-DEL,T+30,74,9568,12076.46,10463.0,10463.0,100.0,0.0
2026-09-27,MAA-DEL,T+45,68,9568,12216.15,11105.0,17249.0,64.38,-35.62
2026-09-28,BLR-DEL,T+1,118,8364,11557.81,10039.0,8820.0,113.82,13.82
2026-09-28,BLR-DEL,T+7,129,8170,11636.28,9605.0,10039.0,95.68,-4.32
2026-09-28,BLR-DEL,T+15,127,8364,12020.03,10039.0,8677.0,115.7,15.7
2026-09-28,BLR-DEL,T+30,152,9128,12035.95,10393.0,10083.0,103.07,3.07
2026-09-28,BLR-DEL,T+45,149,9090,12824.91,11161.0,17755.0,62.86,-37.14
2026-09-28,BOM-BLR,T+1,84,4844,9738.86,7703.5,10472.0,73.56,-26.44
2026-09-28,BOM-BLR,T+7,91,5639,10014.75,8319.0,7832.0,106.22,6.22
2026-09-28,BOM-BLR,T+15,85,4844,8016.18,7374.0,7568.0,97.44,-2.56
2026-09-28,BOM-BLR,T+30,107,5170,8992.68,7692.0,8280.5,92.89,-7.11
2026-09-28,BOM-BLR,T+45,107,5850,12202.64,10744.0,9868.5,108.87,8.87
2026-09-28,BOM-DEL,T+1,114,6105,10202.4,7409.0,9568.0,77.44,-22.56
2026-09-28,BOM-DEL,T+7,137,5871,9547.26,7505.0,6996.0,107.28,7.28
2026-09-28,BOM-DEL,T+15,131,6105,8380.08,6875.0,6562.0,104.77,4.77
2026-09-28,BOM-DEL,T+30,140,6105,9362.46,7548.0,7524.5,100.31,0.31
2026-09-28,BOM-DEL,T+45,142,6652,11824.24,9522.5,17167.5,55.47,-44.53
2026-09-28,DEL-BLR,T+1,132,8459,12123.1,10212.0,10786.0,94.68,-5.32
2026-09-28,DEL-BLR,T+7,149,8360,12154.34,10598.0,10077.0,105.17,5.17
2026-09-28,DEL-BLR,T+15,150,8249,10285.51,9869.0,9161.0,107.73,7.73
2026-09-28,DEL-BLR,T+30,137,9028,12024.73,10156.0,11139.0,91.18,-8.82
2026-09-28,DEL-BLR,T+45,143,9867,15237.38,14469.0,10826.0,133.65,33.65
2026-09-28,DEL-BOM,T+1,102,6529,10518.97,7819.5,8821.0,88.65,-11.35
2026-09-28,DEL-BOM,T+7,125,6090,10183.91,8103.0,8103.0,100.0,0.0
2026-09-28,DEL-BOM,T+15,106,6427,7695.91,6828.0,6843.0,99.78,-0.22
2026-09-28,DEL-BOM,T+30,141,6244,8573.76,7332.0,7516.0,97.55,-2.45
2026-09-28,DEL-BOM,T+45,144,7075,12111.47,10397.5,7615.0,136.54,36.54
2026-09-28,DEL-CCU,T+1,95,7376,13740.11,9397.0,9397.0,100.0,0.0
2026-09-28,DEL-CCU,T+7,101,7820,12596.04,10075.0,9032.0,111.55,11.55
2026-09-28,DEL-CCU,T+15,96,8119,14273.79,12815.0,8922.0,143.63,43.63
2026-09-28,DEL-CCU,T+30,96,7507,13483.95,11853.5,14336.5,82.68,-17.32
2026-09-28,DEL-CCU,T+45,90,7802,13776.47,12005.5,14721.0,81.55,-18.45
2026-09-28,MAA-DEL,T+1,70,8561,12469.36,10463.0,11629.0,89.97,-10.03
2026-09-28,MAA-DEL,T+7,75,8861,11737.16,10615.0,10463.0,101.45,1.45
2026-09-28,MAA-DEL,T+15,75,8561,11539.07,9988.0,10150.0,98.4,-1.6
2026-09-28,MAA-DEL,T+30,73,9568,12091.58,10463.0,10463.0,100.0,0.0
2026-09-28,MAA-DEL,T+45,68,9568,12048.47,11105.0,17249.0,64.38,-35.62
2026-09-29,BLR-DEL,T+1,120,8364,14939.82,12791.0,8820.0,145.02,45.02
2026-09-29,BLR-DEL,T+7,114,8170,11844.35,9565.5,10039.0,95.28,-4.72
2026-09-29,BLR-DEL,T+15,113,9306,14923.31,13327.0,8677.0,153.59,53.59
2026-09-29,BLR-DEL,T+30,139,9605,12285.35,11549.0,10083.0,114.54,14.54
2026-09-29,BLR-DEL,T+45,146,9604,13528.97,11296.0,17755.0,63.62,-36.38
2026-09-29,BOM-BLR,T+1,91,5050,11673.96,10068.0,10472.0,96.14,-3.86
2026-09-29,BOM-BLR,T+7,86,5050,8793.78,7371.0,7832.0,94.11,-5.89
2026-09-29,BOM-BLR,T+15,100,4844,9320.22,7589.0,7568.0,100.28,0.28
2026-09-29,BOM-BLR,T+30,105,5177,9884.69,8126.0,8280.5,98.13,-1.87
2026-09-29,BOM-BLR,T+45,109,6351,11501.0,9582.0,9868.5,97.1,-2.9
2026-09-29,BOM-DEL,T+1,116,6115,14307.46,14270.0,9568.0,149.14,49.14
2026-09-29,BOM-DEL,T+7,132,6109,9327.48,6875.0,6996.0,98.27,-1.73
2026-09-29,BOM-DEL,T+15,137,6115,9444.14,7033.0,6562.0,107.18,7.18
2026-09-29,BOM-DEL,T+30,126,6234,10182.85,8752.0,7524.5,116.31,16.31
2026-09-29,BOM-DEL,T+45,130,6652,11135.32,8728.0,17167.5,50.84,-49.16
2026-09-29,DEL-BLR,T+1,133,8459,13597.14,12641.0,10786.0,117.2,17.2
2026-09-29,DEL-BLR,T+7,139,8489,11325.33,9871.0,10077.0,97.96,-2.04
2026-09-29,DEL-BLR,T+15,143,8489,12630.36,10307.0,9161.0,112.51,12.51
2026-09-29,DEL-BLR,T+30,134,8781,11901.19,10446.5,11139.0,93.78,-6.22
2026-09-29,DEL-BLR,T+45,139,9946,15972.5,14903.0,10826.0,137.66,37.66
2026-09-29,DEL-BOM,T+1,121,6529,11928.64,8577.0,8821.0,97.23,-2.77
2026-09-29,DEL-BOM,T+7,105,6090,9476.29,6790.0,6790.0,100.0,0.0
2026-09-29,DEL-BOM,T+15,133,6427,8607.13,6898.0,6843.0,100.8,0.8
2026-09-29,DEL-BOM,T+30,136,6529,8616.21,7332.0,7516.0,97.55,-2.45
2026-09-29,DEL-BOM,T+45,141,7075,12974.44,10846.0,7615.0,142.43,42.43
2026-09-29,DEL-CCU,T+1,94,7376,14983.12,10734.0,9397.0,114.23,14.23
2026-09-29,DEL-CCU,T+7,99,7920,12728.11,8922.0,9032.0,98.78,-1.22
2026-09-29,DEL-CCU,T+15,102,8967,18302.88,14504.0,8922.0,162.56,62.56
2026-09-29,DEL-CCU,T+30,95,7376,12929.33,11521.0,14336.5,80.36,-19.64
2026-09-29,DEL-CCU,T+45,95,7376,13959.02,12166.0,14721.0,82.64,-17.36
2026-09-29,MAA-DEL,T+1,68,9988,14504.74,13225.0,11629.0,113.72,13.72
2026-09-29,MAA-DEL,T+7,69,8864,12238.48,11418.0,10463.0,109.13,9.13
2026-09-29,MAA-DEL,T+15,72,9244,14612.75,13600.0,10150.0,133.99,33.99
2026-09-29,MAA-DEL,T+30,68,9755,13056.31,12277.0,10463.0,117.34,17.34
2026-09-29,MAA-DEL,T+45,73,9568,12514.45,12611.0,17249.0,73.11,-26.89
2026-09-30,BLR-DEL,T+1,130,10249,16608.37,14531.5,8820.0,164.76,64.76
2026-09-30,BLR-DEL,T+7,129,8170,12156.63,11387.0,10039.0,113.43,13.43
2026-09-30,BLR-DEL,T+15,133,9973,16143.03,13684.0,8677.0,157.7,57.7
2026-09-30,BLR-DEL,T+30,148,9815,14070.21,13123.0,10083.0,130.15,30.15
2026-09-30,BLR-DEL,T+45,151,9604,13562.32,11161.0,17755.0,62.86,-37.14
2026-09-30,BOM-BLR,T+1,92,5639,14965.8,12714.5,10472.0,121.41,21.41
2026-09-30,BOM-BLR,T+7,100,4844,9352.38,7377.0,7832.0,94.19,-5.81
2026-09-30,BOM-BLR,T+15,97,4844,9159.85,7534.0,7568.0,99.55,-0.45
2026-09-30,BOM-BLR,T+30,111,5490,9948.31,9030.0,8280.5,109.05,9.05
2026-09-30,BOM-BLR,T+45,105,7185,13148.3,10801.0,9868.5,109.45,9.45
2026-09-30,BOM-DEL,T+1,112,7924,18276.16,17856.0,9568.0,186.62,86.62
2026-09-30,BOM-DEL,T+7,140,6025,9208.53,7244.0,6996.0,103.54,3.54
2026-09-30,BOM-DEL,T+15,132,6115,9498.74,7289.0,6562.0,111.08,11.08
2026-09-30,BOM-DEL,T+30,137,6719,10934.55,9039.0,7524.5,120.13,20.13
2026-09-30,BOM-DEL,T+45,139,6560,11442.81,9820.0,17167.5,57.2,-42.8
2026-09-30,DEL-BLR,T+1,146,8249,15358.82,12710.0,10786.0,117.84,17.84
2026-09-30,DEL-BLR,T+7,140,8491,11436.47,9386.0,10077.0,93.14,-6.86
2026-09-30,DEL-BLR,T+15,151,8789,12729.59,10924.0,9161.0,119.24,19.24
2026-09-30,DEL-BLR,T+30,138,8781,12912.86,10915.0,11139.0,97.99,-2.01
2026-09-30,DEL-BLR,T+45,132,9946,18177.99,16359.0,10826.0,151.11,51.11
2026-09-30,DEL-BOM,T+1,110,6530,14915.62,13368.0,8821.0,151.55,51.55
2026-09-30,DEL-BOM,T+7,129,6090,9027.85,7080.0,7080.0,100.0,0.0
2026-09-30,DEL-BOM,T+15,127,6442,9452.71,7120.0,6843.0,104.05,4.05
2026-09-30,DEL-BOM,T+30,117,6529,9557.37,7462.0,7516.0,99.28,-0.72
2026-09-30,DEL-BOM,T+45,140,7120,15262.44,13307.0,7615.0,174.75,74.75
2026-09-30,DEL-CCU,T+1,102,7376,16576.27,14322.0,9397.0,152.41,52.41
2026-09-30,DEL-CCU,T+7,92,7975,12172.91,9446.5,9032.0,104.59,4.59
2026-09-30,DEL-CCU,T+15,102,10575,20218.13,17378.0,8922.0,194.78,94.78
2026-09-30,DEL-CCU,T+30,95,7376,12302.59,10392.0,14336.5,72.49,-27.51
2026-09-30,DEL-CCU,T+45,95,7376,15192.54,12246.0,14721.0,83.19,-16.81
2026-09-30,MAA-DEL,T+1,64,9778,17200.56,15483.0,11629.0,133.14,33.14
2026-09-30,MAA-DEL,T+7,73,8943,12465.62,11543.0,10463.0,110.32,10.32
2026-09-30,MAA-DEL,T+15,77,9778,15136.6,13854.0,10150.0,136.49,36.49
2026-09-30,MAA-DEL,T+30,73,9568,13079.05,11313.0,10463.0,108.12,8.12
2026-09-30,MAA-DEL,T+45,73,9568,13311.41,13173.0,17249.0,76.37,-23.63
2026-10-01,BLR-DEL,T+1,117,8364,14059.21,11884.0,8820.0,134.74,34.74
2026-10-01,BLR-DEL,T+7,122,8364,15026.5,13267.5,10039.0,132.16,32.16
2026-10-01,BLR-DEL,T+15,121,10088,18483.93,16631.0,8677.0,191.67,91.67
2026-10-01,BLR-DEL,T+30,153,10023,14706.2,13804.0,10083.0,136.9,36.9
2026-10-01,BLR-DEL,T+45,146,9090,15594.05,14206.5,17755.0,80.01,-19.99
2026-10-01,BOM-BLR,T+1,89,5030,10914.26,9774.0,10472.0,93.33,-6.67
2026-10-01,BOM-BLR,T+7,87,4844,9610.48,7841.0,7832.0,100.11,0.11
2026-10-01,BOM-BLR,T+15,108,5049,9942.83,7608.0,7568.0,100.53,0.53
2026-10-01,BOM-BLR,T+30,109,5877,9825.71,8568.0,8280.5,103.47,3.47
2026-10-01,BOM-BLR,T+45,110,5877,12836.71,11071.0,9868.5,112.19,12.19
2026-10-01,BOM-DEL,T+1,118,6504,13754.22,11588.0,9568.0,121.11,21.11
2026-10-01,BOM-DEL,T+7,111,6115,10609.22,9121.0,6996.0,130.37,30.37
2026-10-01,BOM-DEL,T+15,139,6115,11391.34,8869.0,6562.0,135.16,35.16
2026-10-01,BOM-DEL,T+30,134,7260,11375.9,9432.5,7524.5,125.36,25.36
2026-10-01,BOM-DEL,T+45,135,6560,12351.87,10597.0,17167.5,61.73,-38.27
2026-10-01,DEL-BLR,T+1,128,8542,12782.92,10950.0,10786.0,101.52,1.52
2026-10-01,DEL-BLR,T+7,139,8828,11949.08,10684.0,10077.0,106.02,6.02
2026-10-01,DEL-BLR,T+15,147,8302,13159.99,11544.0,9161.0,126.01,26.01
2026-10-01,DEL-BLR,T+30,136,9490,13321.97,11536.0,11139.0,103.56,3.56
2026-10-01,DEL-BLR,T+45,133,11473,21654.98,21862.0,10826.0,201.94,101.94
2026-10-01,DEL-BOM,T+1,112,6529,11153.91,7579.0,8821.0,85.92,-14.08
2026-10-01,DEL-BOM,T+7,115,6442,8919.56,7790.0,7790.0,100.0,0.0
2026-10-01,DEL-BOM,T+15,131,6442,10731.44,8066.0,6843.0,117.87,17.87
2026-10-01,DEL-BOM,T+30,135,6529,9794.39,7587.0,7516.0,100.94,0.94
2026-10-01,DEL-BOM,T+45,141,7599,18619.65,17147.0,7615.0,225.17,125.17
2026-10-01,DEL-CCU,T+1,86,8243,14493.23,12442.0,9397.0,132.4,32.4
2026-10-01,DEL-CCU,T+7,89,8328,13429.2,11922.0,9032.0,132.0,32.0
2026-10-01,DEL-CCU,T+15,95,10511,19489.72,18615.0,8922.0,208.64,108.64
2026-10-01,DEL-CCU,T+30,98,9069,14363.61,13250.0,14336.5,92.42,-7.58
2026-10-01,DEL-CCU,T+45,94,9986,16839.13,13691.0,14721.0,93.0,-7.0
2026-10-01,MAA-DEL,T+1,67,9545,13981.76,12199.0,11629.0,104.9,4.9
2026-10-01,MAA-DEL,T+7,70,10003,14812.57,13834.0,10463.0,132.22,32.22
2026-10-01,MAA-DEL,T+15,72,9944,18694.93,17636.0,10150.0,173.75,73.75
2026-10-01,MAA-DEL,T+30,69,11105,13671.67,12265.0,10463.0,117.22,17.22
2026-10-01,MAA-DEL,T+45,72,10615,14586.81,13745.5,17249.0,79.69,-20.31
2026-10-02,BLR-DEL,T+1,122,8364,12396.5,11038.0,8820.0,125.15,25.15
2026-10-02,BLR-DEL,T+7,115,9304,18415.23,18581.0,10039.0,185.09,85.09
2026-10-02,BLR-DEL,T+15,121,10506,19262.41,18213.0,8677.0,209.9,109.9
2026-10-02,BLR-DEL,T+30,141,10480,15022.21,13681.0,10083.0,135.68,35.68
2026-10-02,BLR-DEL,T+45,146,9604,13496.2,11588.5,17755.0,65.27,-34.73
2026-10-02,BOM-BLR,T+1,80,5050,10824.72,9194.5,10472.0,87.8,-12.2
2026-10-02,BOM-BLR,T+7,95,4844,10564.15,7962.0,7832.0,101.66,1.66
2026-10-02,BOM-BLR,T+15,97,5617,10405.28,7942.0,7568.0,104.94,4.94
2026-10-02,BOM-BLR,T+30,108,5850,10561.5,9401.0,8280.5,113.53,13.53
2026-10-02,BOM-BLR,T+45,106,5877,11462.8,9448.0,9868.5,95.74,-4.26
2026-10-02,BOM-DEL,T+1,101,6115,9561.79,6935.0,9568.0,72.48,-27.52
2026-10-02,BOM-DEL,T+7,123,6115,10598.77,8475.0,6996.0,121.14,21.14
2026-10-02,BOM-DEL,T+15,124,6115,10338.16,8748.5,6562.0,133.32,33.32
2026-10-02,BOM-DEL,T+30,133,6981,11408.47,8883.0,7524.5,118.05,18.05
2026-10-02,BOM-DEL,T+45,136,6560,10903.48,8718.5,17167.5,50.78,-49.22
2026-10-02,DEL-BLR,T+1,135,8828,13899.12,13907.0,10786.0,128.94,28.94
2026-10-02,DEL-BLR,T+7,140,8828,12413.86,10684.0,10077.0,106.02,6.02
2026-10-02,DEL-BLR,T+15,137,9142,15325.34,11971.0,9161.0,130.67,30.67
2026-10-02,DEL-BLR,T+30,135,9936,14152.82,12409.0,11139.0,111.4,11.4
2026-10-02,DEL-BLR,T+45,140,10763,18615.29,18492.0,10826.0,170.81,70.81
2026-10-02,DEL-BOM,T+1,110,6529,10283.94,7369.0,8821.0,83.54,-16.46
2026-10-02,DEL-BOM,T+7,117,6442,9768.33,7730.0,7730.0,100.0,0.0
2026-10-02,DEL-BOM,T+15,123,6442,10076.71,7500.0,6843.0,109.6,9.6
2026-10-02,DEL-BOM,T+30,139,6688,10130.41,8033.0,7516.0,106.88,6.88
2026-10-02,DEL-BOM,T+45,137,7197,14785.23,13202.0,7615.0,173.37,73.37
2026-10-02,DEL-CCU,T+1,87,8058,13096.07,11698.0,9397.0,124.49,24.49
2026-10-02,DEL-CCU,T+7,96,8711,16200.86,12339.5,9032.0,136.62,36.62
2026-10-02,DEL-CCU,T+15,94,10851,18533.23,18057.0,8922.0,202.39,102.39
2026-10-02,DEL-CCU,T+30,93,9183,15025.32,13276.0,14336.5,92.6,-7.4
2026-10-02,DEL-CCU,T+45,82,9183,12777.39,11269.5,14721.0,76.55,-23.45
2026-10-02,MAA-DEL,T+1,59,9454,12344.37,11482.0,11629.0,98.74,-1.26
2026-10-02,MAA-DEL,T+7,72,9545,18211.76,18047.0,10463.0,172.48,72.48
2026-10-02,MAA-DEL,T+15,77,9454,17550.95,15011.0,10150.0,147.89,47.89
2026-10-02,MAA-DEL,T+30,68,10150,13202.88,12170.0,10463.0,116.31,16.31
2026-10-02,MAA-DEL,T+45,71,10150,13587.59,13342.0,17249.0,77.35,-22.65
2026-10-03,BLR-DEL,T+1,111,8364,17493.76,16001.0,8820.0,181.42,81.42
2026-10-03,BLR-DEL,T+7,122,9605,17972.77,16219.5,10039.0,161.56,61.56
2026-10-03,BLR-DEL,T+15,115,9306,14279.78,12608.0,8677.0,145.3,45.3
2026-10-03,BLR-DEL,T+30,146,9709,13529.67,12377.0,10083.0,122.75,22.75
2026-10-03,BLR-DEL,T+45,147,9454,12915.17,10508.0,17755.0,59.18,-40.82
2026-10-03,BOM-BLR,T+1,84,6218,15491.89,14430.5,10472.0,137.8,37.8
2026-10-03,BOM-BLR,T+7,84,4844,10061.35,8207.0,7832.0,104.79,4.79
2026-10-03,BOM-BLR,T+15,101,4844,9451.08,7415.0,7568.0,97.98,-2.02
2026-10-03,BOM-BLR,T+30,111,5170,9771.83,8971.0,8280.5,108.34,8.34
2026-10-03,BOM-BLR,T+45,107,5170,10405.04,8731.0,9868.5,88.47,-11.53
2026-10-03,BOM-DEL,T+1,120,6523,13689.13,9729.5,9568.0,101.69,1.69
2026-10-03,BOM-DEL,T+7,126,6115,11070.94,8344.0,6996.0,119.27,19.27
2026-10-03,BOM-DEL,T+15,131,6115,9863.02,8344.0,6562.0,127.16,27.16
2026-10-03,BOM-DEL,T+30,133,6560,10500.81,8475.0,7524.5,112.63,12.63
2026-10-03,BOM-DEL,T+45,136,6560,10129.8,8330.0,17167.5,48.52,-51.48
2026-10-03,DEL-BLR,T+1,134,10170,21840.88,21088.5,10786.0,195.52,95.52
2026-10-03,DEL-BLR,T+7,137,8828,12088.8,10684.0,10077.0,106.02,6.02
2026-10-03,DEL-BLR,T+15,139,8954,13836.91,11701.0,9161.0,127.73,27.73
2026-10-03,DEL-BLR,T+30,142,8954,13134.39,11638.5,11139.0,104.48,4.48
2026-10-03,DEL-BLR,T+45,132,10349,15205.45,14427.0,10826.0,133.26,33.26
2026-10-03,DEL-BOM,T+1,111,6530,16595.95,14980.0,8821.0,169.82,69.82
2026-10-03,DEL-BOM,T+7,127,6442,9855.97,7500.0,7500.0,100.0,0.0
2026-10-03,DEL-BOM,T+15,127,6442,10208.51,7599.0,6843.0,111.05,11.05
2026-10-03,DEL-BOM,T+30,142,6688,9503.62,7795.0,7516.0,103.71,3.71
2026-10-03,DEL-BOM,T+45,137,6790,11934.84,8895.0,7615.0,116.81,16.81
2026-10-03,DEL-CCU,T+1,93,8398,16908.11,15867.0,9397.0,168.85,68.85
2026-10-03,DEL-CCU,T+7,100,8711,16104.55,13531.5,9032.0,149.82,49.82
2026-10-03,DEL-CCU,T+15,96,8922,14846.44,13514.0,8922.0,151.47,51.47
2026-10-03,DEL-CCU,T+30,94,8667,14007.57,12147.0,14336.5,84.73,-15.27
2026-10-03,DEL-CCU,T+45,89,9122,13439.73,11345.0,14721.0,77.07,-22.93
2026-10-03,MAA-DEL,T+1,72,10150,17732.06,17815.5,11629.0,153.2,53.2
2026-10-03,MAA-DEL,T+7,73,10150,15722.81,14237.0,10463.0,136.07,36.07
2026-10-03,MAA-DEL,T+15,74,9454,15043.2,14058.0,10150.0,138.5,38.5
2026-10-03,MAA-DEL,T+30,69,10150,12623.19,11466.0,10463.0,109.59,9.59
2026-10-03,MAA-DEL,T+45,72,10150,12477.4,11387.0,17249.0,66.02,-33.98
2026-10-04,BLR-DEL,T+1,126,8364,15672.97,14406.0,8820.0,163.33,63.33
2026-10-04,BLR-DEL,T+7,118,8820,15680.37,13795.0,10039.0,137.41,37.41
2026-10-04,BLR-DEL,T+15,125,9246,12939.63,11296.0,8677.0,130.18,30.18
2026-10-04,BLR-DEL,T+30,156,9709,15428.02,13685.0,10083.0,135.72,35.72
2026-10-04,BLR-DEL,T+45,157,8973,12640.18,10526.0,17755.0,59.28,-40.72
2026-10-04,BOM-BLR,T+1,100,6218,15593.51,13372.5,10472.0,127.7,27.7
2026-10-04,BOM-BLR,T+7,101,4844,10237.03,8798.0,7832.0,112.33,12.33
2026-10-04,BOM-BLR,T+15,102,4844,9573.19,7859.5,7568.0,103.85,3.85
2026-10-04,BOM-BLR,T+30,111,5170,9166.78,8289.0,8280.5,100.1,0.1
2026-10-04,BOM-BLR,T+45,109,5170,10409.07,8655.0,9868.5,87.7,-12.3
2026-10-04,BOM-DEL,T+1,125,6504,13388.92,11122.0,9568.0,116.24,16.24
2026-10-04,BOM-DEL,T+7,135,6115,10703.04,8344.0,6996.0,119.27,19.27
2026-10-04,BOM-DEL,T+15,126,6115,10081.52,8475.0,6562.0,129.15,29.15
2026-10-04,BOM-DEL,T+30,135,6899,11812.28,9376.0,7524.5,124.61,24.61
2026-10-04,BOM-DEL,T+45,138,6560,10582.96,8540.0,17167.5,49.75,-50.25
2026-10-04,DEL-BLR,T+1,141,9793,18279.71,17569.0,10786.0,162.89,62.89
2026-10-04,DEL-BLR,T+7,138,8829,12528.66,11053.0,10077.0,109.69,9.69
2026-10-04,DEL-BLR,T+15,142,8841,12769.06,11610.5,9161.0,126.74,26.74
2026-10-04,DEL-BLR,T+30,134,9028,12733.16,11243.0,11139.0,100.93,0.93
2026-10-04,DEL-BLR,T+45,138,9284,14812.93,12990.5,10826.0,119.99,19.99
2026-10-04,DEL-BOM,T+1,126,6442,14472.28,14121.0,8821.0,160.08,60.08
2026-10-04,DEL-BOM,T+7,126,6442,9908.9,7369.0,7369.0,100.0,0.0
2026-10-04,DEL-BOM,T+15,130,6442,9414.01,7640.0,6843.0,111.65,11.65
2026-10-04,DEL-BOM,T+30,140,6519,9429.61,7534.0,7516.0,100.24,0.24
2026-10-04,DEL-BOM,T+45,138,6919,11809.32,8022.5,7615.0,105.35,5.35
2026-10-04,DEL-CCU,T+1,92,8058,17288.14,14891.0,9397.0,158.47,58.47
2026-10-04,DEL-CCU,T+7,97,8058,14416.04,11861.0,9032.0,131.32,31.32
2026-10-04,DEL-CCU,T+15,107,8711,13357.49,11311.0,8922.0,126.78,26.78
2026-10-04,DEL-CCU,T+30,91,9183,14700.38,12960.0,14336.5,90.4,-9.6
2026-10-04,DEL-CCU,T+45,90,9122,13735.97,11214.0,14721.0,76.18,-23.82
2026-10-04,MAA-DEL,T+1,66,10150,15899.67,15334.5,11629.0,131.86,31.86
2026-10-04,MAA-DEL,T+7,74,9944,15026.27,13605.5,10463.0,130.03,30.03
2026-10-04,MAA-DEL,T+15,71,9454,13630.27,13378.0,10150.0,131.8,31.8
2026-10-04,MAA-DEL,T+30,74,10150,13647.18,11550.0,10463.0,110.39,10.39
2026-10-04,MAA-DEL,T+45,71,10150,12706.79,11470.0,17249.0,66.5,-33.5
2026-10-05,BLR-DEL,T+1,117,8364,14854.38,13046.0,8820.0,147.91,47.91
2026-10-05,BLR-DEL,T+7,120,8364,12903.11,11148.0,10039.0,111.05,11.05
2026-10-05,BLR-DEL,T+15,132,9306,13318.12,10755.0,8677.0,123.95,23.95
2026-10-05,BLR-DEL,T+30,170,10233,18075.93,16708.0,10083.0,165.7,65.7
2026-10-05,BLR-DEL,T+45,145,9454,13139.53,11768.0,17755.0,66.28,-33.72
2026-10-05,BOM-BLR,T+1,89,5636,12930.16,10825.0,10472.0,103.37,3.37
2026-10-05,BOM-BLR,T+7,119,4844,9600.3,7856.0,7832.0,100.31,0.31
2026-10-05,BOM-BLR,T+15,116,4844,11037.69,9317.0,7568.0,123.11,23.11
2026-10-05,BOM-BLR,T+30,144,4893,10769.26,9057.0,8280.5,109.38,9.38
2026-10-05,BOM-BLR,T+45,107,4893,12031.21,9448.0,9868.5,95.74,-4.26
2026-10-05,BOM-DEL,T+1,112,6504,11728.23,8934.5,9568.0,93.38,-6.62
2026-10-05,BOM-DEL,T+7,134,6115,10318.82,8475.0,6996.0,121.14,21.14
2026-10-05,BOM-DEL,T+15,132,6115,10254.04,8112.0,6562.0,123.62,23.62
2026-10-05,BOM-DEL,T+30,139,8752,15361.75,12910.0,7524.5,171.57,71.57
2026-10-05,BOM-DEL,T+45,127,6560,11408.04,8869.0,17167.5,51.66,-48.34
2026-10-05,DEL-BLR,T+1,135,8829,15309.53,14194.0,10786.0,131.6,31.6
2026-10-05,DEL-BLR,T+7,63,8302,10601.05,9794.0,10077.0,97.19,-2.81
2026-10-05,DEL-BLR,T+15,145,9028,14475.57,11971.0,9161.0,130.67,30.67
2026-10-05,DEL-BLR,T+30,151,9779,13764.46,11504.0,11139.0,103.28,3.28
2026-10-05,DEL-BLR,T+45,142,9922,14481.68,12956.0,10826.0,119.67,19.67
2026-10-05,DEL-BOM,T+1,115,6530,12179.95,10930.0,8821.0,123.91,23.91
2026-10-05,DEL-BOM,T+15,135,6442,10444.07,7579.0,6843.0,110.76,10.76
2026-10-05,DEL-BOM,T+30,159,6529,11149.52,7835.0,7516.0,104.24,4.24
2026-10-05,DEL-BOM,T+45,135,6790,12722.74,10283.0,7615.0,135.04,35.04
2026-10-05,DEL-CCU,T+1,91,7559,16263.0,11698.0,9397.0,124.49,24.49
2026-10-05,DEL-CCU,T+7,97,7559,13069.39,10794.0,9032.0,119.51,19.51
2026-10-05,DEL-CCU,T+15,98,8241,12904.68,11448.5,8922.0,128.32,28.32
2026-10-05,DEL-CCU,T+30,102,9499,16198.38,14905.0,14336.5,103.97,3.97
2026-10-05,DEL-CCU,T+45,22,9122,16394.09,12575.0,14721.0,85.42,-14.58
2026-10-05,MAA-DEL,T+1,60,10150,15965.13,13896.5,11629.0,119.5,19.5
2026-10-05,MAA-DEL,T+7,68,9454,12685.71,11517.5,10463.0,110.08,10.08
2026-10-05,MAA-DEL,T+15,68,10150,13414.53,13510.0,10150.0,133.1,33.1
2026-10-05,MAA-DEL,T+30,85,10615,16782.56,17254.0,10463.0,164.9,64.9
2026-10-05,MAA-DEL,T+45,71,10150,12361.63,11466.0,17249.0,66.47,-33.53
2026-10-06,BLR-DEL,T+1,125,8732,13630.47,12900.0,8820.0,146.26,46.26
2026-10-06,BLR-DEL,T+7,133,8364,12312.37,10679.0,10039.0,106.38,6.38
2026-10-06,BLR-DEL,T+15,129,9306,13232.43,11432.0,8677.0,131.75,31.75
2026-10-06,BLR-DEL,T+30,147,14223,21602.78,20220.0,10083.0,200.54,100.54
2026-10-06,BLR-DEL,T+45,162,9454,13461.3,11820.0,17755.0,66.57,-33.43
2026-10-06,BOM-BLR,T+1,104,5050,11307.43,9691.0,10472.0,92.54,-7.46
2026-10-06,BOM-BLR,T+7,112,4844,8576.4,7272.0,7832.0,92.85,-7.15
2026-10-06,BOM-BLR,T+15,121,5049,11614.32,10315.0,7568.0,136.3,36.3
2026-10-06,BOM-BLR,T+30,119,6087,13510.34,10691.0,8280.5,129.11,29.11
2026-10-06,BOM-BLR,T+45,139,5490,11747.09,9763.0,9868.5,98.93,-1.07
2026-10-06,BOM-DEL,T+1,138,6430,11738.07,10047.0,9568.0,105.01,5.01
2026-10-06,BOM-DEL,T+7,129,6430,9291.08,8659.0,6996.0,123.77,23.77
2026-10-06,BOM-DEL,T+15,141,6560,10844.04,8974.0,6562.0,136.76,36.76
2026-10-06,BOM-DEL,T+30,138,10012,17230.98,16067.0,7524.5,213.53,113.53
2026-10-06,BOM-DEL,T+45,161,7079,12042.24,9305.0,17167.5,54.2,-45.8
2026-10-06,DEL-BLR,T+1,136,8828,13118.78,11533.0,10786.0,106.93,6.93
2026-10-06,DEL-BLR,T+7,149,8774,11506.52,10511.0,10077.0,104.31,4.31
2026-10-06,DEL-BLR,T+15,140,8954,14820.66,12190.5,9161.0,133.07,33.07
2026-10-06,DEL-BLR,T+30,149,9538,14484.9,11980.0,11139.0,107.55,7.55
2026-10-06,DEL-BLR,T+45,166,9922,14834.6,13158.0,10826.0,121.54,21.54
2026-10-06,DEL-BOM,T+1,137,6529,10700.35,8582.0,8821.0,97.29,-2.71
2026-10-06,DEL-BOM,T+7,131,6529,8500.91,7684.0,7684.0,100.0,0.0
2026-10-06,DEL-BOM,T+15,139,6529,10380.93,7999.0,6843.0,116.89,16.89
2026-10-06,DEL-BOM,T+30,144,6529,11107.9,7914.0,7516.0,105.3,5.3
2026-10-06,DEL-BOM,T+45,165,7018,13055.89,10834.0,7615.0,142.27,42.27
2026-10-06,DEL-CCU,T+1,93,8398,16919.6,13278.0,9397.0,141.3,41.3
2026-10-06,DEL-CCU,T+7,100,8058,13824.78,12341.0,9032.0,136.64,36.64
2026-10-06,DEL-CCU,T+15,108,8163,15395.14,15470.0,8922.0,173.39,73.39
2026-10-06,DEL-CCU,T+30,97,11304,19744.53,16770.0,14336.5,116.97,16.97
2026-10-06,DEL-CCU,T+45,92,9499,13846.16,12037.5,14721.0,81.77,-18.23
2026-10-06,MAA-DEL,T+1,69,9944,15586.74,13995.0,11629.0,120.35,20.35
2026-10-06,MAA-DEL,T+7,74,9454,12457.89,11912.0,10463.0,113.85,13.85
2026-10-06,MAA-DEL,T+15,75,9454,14141.65,12242.0,10150.0,120.61,20.61
2026-10-06,MAA-DEL,T+30,75,10517,18456.92,18996.0,10463.0,181.55,81.55
2026-10-06,MAA-DEL,T+45,81,10476,13654.75,12227.0,17249.0,70.89,-29.11
2026-10-07,BLR-DEL,T+1,131,9906,17055.88,15538.0,8820.0,176.17,76.17
2026-10-07,BLR-DEL,T+7,127,9120,13942.25,12483.0,10039.0,124.35,24.35
2026-10-07,BLR-DEL,T+15,129,9306,12852.46,10823.0,8677.0,124.73,24.73
2026-10-07,BLR-DEL,T+30,149,12549,24208.58,22745.0,10083.0,225.58,125.58
2026-10-07,BLR-DEL,T+45,155,9906,15031.23,12664.0,17755.0,71.33,-28.67
2026-10-07,BOM-BLR,T+1,102,4844,12116.73,9777.5,10472.0,93.37,-6.63
2026-10-07,BOM-BLR,T+7,106,4844,8371.03,7489.0,7832.0,95.62,-4.38
2026-10-07,BOM-BLR,T+15,103,4844,10673.18,8514.0,7568.0,112.5,12.5
2026-10-07,BOM-BLR,T+30,124,6612,15667.49,13053.5,8280.5,157.64,57.64
2026-10-07,BOM-BLR,T+45,124,4844,12751.5,10573.0,9868.5,107.14,7.14
2026-10-07,BOM-DEL,T+1,119,6184,12204.5,9830.0,9568.0,102.74,2.74
2026-10-07,BOM-DEL,T+7,136,6430,9819.37,8895.0,6996.0,127.14,27.14
2026-10-07,BOM-DEL,T+15,132,6430,10755.24,8659.0,6562.0,131.96,31.96
2026-10-07,BOM-DEL,T+30,146,11281,21037.05,20241.0,7524.5,269.0,169.0
2026-10-07,BOM-DEL,T+45,143,6560,12131.29,10315.0,17167.5,60.08,-39.92
2026-10-07,DEL-BLR,T+1,133,8774,12718.33,11209.0,10786.0,103.92,3.92
2026-10-07,DEL-BLR,T+7,136,8828,11401.7,10711.0,10077.0,106.29,6.29
2026-10-07,DEL-BLR,T+15,155,9458,14329.9,11472.0,9161.0,125.23,25.23
2026-10-07,DEL-BLR,T+30,152,9028,16144.17,14656.0,11139.0,131.57,31.57
2026-10-07,DEL-BLR,T+45,146,10190,16557.33,15368.0,10826.0,141.95,41.95
2026-10-07,DEL-BOM,T+1,132,6280,10894.55,9290.0,8821.0,105.32,5.32
2026-10-07,DEL-BOM,T+7,134,6270,9346.66,7703.0,7703.0,100.0,0.0
2026-10-07,DEL-BOM,T+15,144,6529,10185.31,7920.0,6843.0,115.74,15.74
2026-10-07,DEL-BOM,T+30,143,7189,12949.76,9644.0,7516.0,128.31,28.31
2026-10-07,DEL-BOM,T+45,139,7334,13541.47,11300.0,7615.0,148.39,48.39
2026-10-07,DEL-CCU,T+1,83,8328,15797.05,13706.0,9397.0,145.86,45.86
2026-10-07,DEL-CCU,T+7,101,7639,15618.57,14264.0,9032.0,157.93,57.93
2026-10-07,DEL-CCU,T+15,100,8163,15363.4,15281.0,8922.0,171.27,71.27
2026-10-07,DEL-CCU,T+30,90,11535,20975.92,18619.5,14336.5,129.87,29.87
2026-10-07,DEL-CCU,T+45,97,8921,14964.57,12960.0,14721.0,88.04,-11.96
2026-10-07,MAA-DEL,T+1,70,10517,17736.04,15190.0,11629.0,130.62,30.62
2026-10-07,MAA-DEL,T+7,70,10517,13882.56,12227.0,10463.0,116.86,16.86
2026-10-07,MAA-DEL,T+15,70,9944,14110.83,12200.5,10150.0,120.2,20.2
2026-10-07,MAA-DEL,T+30,74,11473,20047.27,20270.0,10463.0,193.73,93.73
2026-10-07,MAA-DEL,T+45,66,10476,12332.67,11925.0,17249.0,69.13,-30.87
2026-10-08,BLR-DEL,T+1,121,11384,24376.74,22444.0,8820.0,254.47,154.47
2026-10-08,BLR-DEL,T+7,128,9680,16015.3,15339.0,10039.0,152.79,52.79
2026-10-08,BLR-DEL,T+15,126,10364,13482.71,12145.0,8677.0,139.97,39.97
2026-10-08,BLR-DEL,T+30,155,13731,22680.41,20998.0,10083.0,208.25,108.25
2026-10-08,BLR-DEL,T+45,144,8737,15078.13,13228.5,17755.0,74.51,-25.49
2026-10-08,BOM-BLR,T+1,113,4844,12595.94,11108.0,10472.0,106.07,6.07
2026-10-08,BOM-BLR,T+7,118,4844,9932.32,8013.0,7832.0,102.31,2.31
2026-10-08,BOM-BLR,T+15,122,5054,11836.13,9920.5,7568.0,131.08,31.08
2026-10-08,BOM-BLR,T+30,119,6612,16066.32,12584.0,8280.5,151.97,51.97
2026-10-08,BOM-BLR,T+45,118,6087,12963.35,10691.0,9868.5,108.33,8.33
2026-10-08,BOM-DEL,T+1,124,6430,14374.86,11833.5,9568.0,123.68,23.68
2026-10-08,BOM-DEL,T+7,128,6100,9818.62,8659.0,6996.0,123.77,23.77
2026-10-08,BOM-DEL,T+15,132,6430,11405.29,8860.0,6562.0,135.02,35.02
2026-10-08,BOM-DEL,T+30,151,9776,20512.47,20123.0,7524.5,267.43,167.43
2026-10-08,BOM-DEL,T+45,147,6482,12899.63,11041.0,17167.5,64.31,-35.69
2026-10-08,DEL-BLR,T+1,135,8846,13740.75,11236.0,10786.0,104.17,4.17
2026-10-08,DEL-BLR,T+7,143,9096,12747.33,11209.0,10077.0,111.23,11.23
2026-10-08,DEL-BLR,T+15,144,10047,14627.71,12195.5,9161.0,133.12,33.12
2026-10-08,DEL-BLR,T+30,146,9075,15714.24,13607.0,11139.0,122.16,22.16
2026-10-08,DEL-BLR,T+45,150,10717,18173.11,16114.0,10826.0,148.85,48.85
2026-10-08,DEL-BOM,T+1,124,6529,12111.78,8820.0,8821.0,99.99,-0.01
2026-10-08,DEL-BOM,T+7,122,6757,10251.84,7852.0,7852.0,100.0,0.0
2026-10-08,DEL-BOM,T+15,137,6529,10406.95,7999.0,6843.0,116.89,16.89
2026-10-08,DEL-BOM,T+30,137,6529,12387.72,8703.0,7516.0,115.79,15.79
2026-10-08,DEL-BOM,T+45,151,7261,13887.1,10283.0,7615.0,135.04,35.04
2026-10-08,DEL-CCU,T+1,91,8711,17446.74,13602.0,9397.0,144.75,44.75
2026-10-08,DEL-CCU,T+7,97,10287,18046.94,16997.0,9032.0,188.19,88.19
2026-10-08,DEL-CCU,T+15,104,8956,16508.85,15485.0,8922.0,173.56,73.56
2026-10-08,DEL-CCU,T+30,100,11535,21401.39,19342.0,14336.5,134.91,34.91
2026-10-08,DEL-CCU,T+45,97,10287,16146.41,13434.0,14721.0,91.26,-8.74
2026-10-08,MAA-DEL,T+1,58,11844,21823.21,20770.0,11629.0,178.61,78.61
2026-10-08,MAA-DEL,T+7,72,11473,16072.82,13604.0,10463.0,130.02,30.02
2026-10-08,MAA-DEL,T+15,68,10517,14087.35,12227.0,10150.0,120.46,20.46
2026-10-08,MAA-DEL,T+30,70,10983,18659.39,18659.0,10463.0,178.33,78.33
2026-10-08,MAA-DEL,T+45,68,10517,12597.4,11938.0,17249.0,69.21,-30.79
